Country Name,Country Code,IncomeGroup,Region,1991,1992,1993,1994,1995,1996,1997,1998,1999,2000,2001,2002,2003,2004,2005,2006,2007,2008,2009,2010,2011,2012,2013,2014,2015,2016,2017,2018,2019,2020,2021,2022,2023,2024,2025,pre5yearaverage,post5yearaverage-SES,post5yearaverage-DES
Afghanistan,AFG,Low income,South Asia,0.17550888,0.175673685,0.17558594,0.17495821,0.173188898,0.171335861,0.168537664,0.16678484,0.165493008,0.164412218,0.164919461,0.166592819,0.168439878,0.168055794,0.169682683,0.167792678,0.167443841,0.16772785,0.170215132,0.175201663,0.184546037,0.195280371,0.21319422,0.232415308,0.253197393,0.27833237,0.306191624,0.316515761,0.321914435,0.326837065,0.326837065,0.326837065,0.326837065,0.326837065,0.326837065,0.309958251,0.326837065,0.341573593
Angola,AGO,Lower middle income,Sub-Saharan Africa,0.838067521,0.834379855,0.82881498,0.827345308,0.831460783,0.835797679,0.839902252,0.842728261,0.842679755,0.846511001,0.843370866,0.852663516,0.853629221,0.863426823,0.847110484,0.829013583,0.814169706,0.798719438,0.787091816,0.740433752,0.756128035,0.760758299,0.764174472,0.766791586,0.767362456,0.767134222,0.765728286,0.765202366,0.769340828,0.773384324,0.772935713,0.772935713,0.772935713,0.772935713,0.772935713,0.768158005,0.772935713,0.77585352
Albania,ALB,Upper middle income,Europe & Central Asia,0.664991294,0.664567356,0.653707464,0.649168092,0.641363043,0.633961505,0.640240549,0.629426702,0.623840278,0.622639419,0.622897372,0.627082693,0.631248892,0.636640835,0.642984451,0.652641063,0.662156403,0.670386321,0.642794067,0.675125122,0.678609916,0.713504521,0.690858365,0.681210424,0.688478,0.699921385,0.710240103,0.713387429,0.709872838,0.709791027,0.70981487,0.70981487,0.70981487,0.70981487,0.70981487,0.708642556,0.70981487,0.737527512
United Arab Emirates,ARE,High income,Middle East & North Africa,0.208661532,0.213520515,0.219036675,0.219930923,0.220509833,0.224616418,0.22883633,0.233205071,0.236711941,0.239336859,0.240064372,0.240624406,0.240473104,0.239233854,0.239050262,0.248908395,0.258134787,0.266695885,0.274180376,0.278669242,0.282437667,0.287917164,0.295139462,0.303255045,0.312499859,0.318363994,0.314408952,0.315946074,0.31574811,0.315154841,0.315169919,0.315169919,0.315169919,0.315169919,0.315169919,0.315924394,0.315169919,0.313901061
Argentina,ARG,Upper middle income,Latin America & Caribbean,0.43283188,0.524446719,0.468807363,0.446650771,0.438932798,0.395071756,0.402235019,0.411320681,0.408839366,0.407545034,0.417344384,0.430109056,0.467373854,0.463784375,0.44326575,0.427111955,0.409081353,0.394278537,0.405536721,0.393771646,0.421937538,0.423176636,0.406104386,0.392030417,0.393248747,0.393493777,0.396181294,0.474359082,0.454740154,0.444644236,0.446945248,0.446945248,0.446945248,0.446945248,0.446945248,0.432683708,0.446945248,0.478198706
Armenia,ARM,Upper middle income,Europe & Central Asia,0.633065419,0.631219377,0.612553736,0.617576258,0.601364617,0.578035169,0.570405704,0.60046826,0.605306153,0.617348735,0.628017727,0.639842782,0.653155671,0.664882852,0.676590725,0.690994859,0.699883747,0.680856485,0.65128092,0.625397944,0.663420651,0.683875583,0.67962158,0.661386047,0.659612281,0.650980081,0.66561975,0.666284683,0.657740236,0.651318899,0.651878805,0.651878805,0.651878805,0.651878805,0.651878805,0.65838873,0.651878805,0.656333401
Australia,AUS,High income,East Asia & Pacific,0.55565347,0.55998555,0.561677693,0.562856252,0.56656803,0.565951789,0.565787831,0.565190533,0.563390946,0.573674868,0.580860259,0.573590748,0.572155534,0.582456577,0.580310118,0.588202296,0.585979491,0.588941784,0.59917334,0.597769437,0.588093894,0.595108041,0.583081448,0.588156447,0.599120227,0.587077378,0.589139281,0.598968212,0.597512845,0.595716434,0.599953594,0.599953594,0.599953594,0.599953594,0.599953594,0.59368283,0.599953594,0.605945619
Austria,AUT,High income,Europe & Central Asia,0.663487737,0.676310145,0.678944852,0.703138336,0.712621851,0.728408052,0.714097793,0.719902501,0.723890792,0.703396225,0.715390016,0.72646543,0.728573503,0.700936547,0.71560843,0.726511011,0.725893046,0.720191024,0.721627142,0.716370786,0.721805944,0.715240247,0.718906937,0.739567284,0.73680385,0.728076725,0.735052507,0.710607488,0.707142909,0.703977385,0.705308664,0.705308664,0.705308664,0.705308664,0.705308664,0.716971403,0.705308664,0.707579509
Azerbaijan,AZE,Upper middle income,Europe & Central Asia,0.683901147,0.687999411,0.694869301,0.705483973,0.712037102,0.709695598,0.705179571,0.702442074,0.702350081,0.71254085,0.712417562,0.719064922,0.737538993,0.7494367,0.762553059,0.743838884,0.770504964,0.77843185,0.776681813,0.787878128,0.803936243,0.810604899,0.811262194,0.811771499,0.812837565,0.809093466,0.809490829,0.815533737,0.818936991,0.822260148,0.822077225,0.822077225,0.822077225,0.822077225,0.822077225,0.815063034,0.822077225,0.842540176
Burundi,BDI,Low income,Sub-Saharan Africa,0.536659556,0.53724133,0.536770498,0.536483194,0.537159012,0.538003395,0.537968327,0.537656595,0.538147642,0.538289847,0.539950956,0.542832428,0.547077383,0.551492101,0.549374489,0.551342054,0.550468374,0.553946707,0.554937249,0.557317888,0.55840269,0.559413549,0.56274608,0.563068311,0.561588128,0.560617428,0.560916871,0.561637837,0.562145562,0.562862733,0.562862733,0.562862733,0.562862733,0.562862733,0.562862733,0.561636086,0.562862733,0.56428976
Belgium,BEL,High income,Europe & Central Asia,0.508491931,0.53021092,0.511172768,0.511133082,0.516809234,0.518403815,0.528630976,0.514786037,0.56520674,0.511742617,0.518788716,0.512529082,0.51878645,0.552870676,0.561352011,0.547849668,0.566576096,0.566982153,0.567837562,0.570212944,0.579837344,0.547087225,0.564610917,0.593860357,0.578177607,0.565849763,0.561226317,0.586396486,0.582852013,0.579616247,0.584352987,0.584352987,0.584352987,0.584352987,0.584352987,0.575188165,0.584352987,0.590272667
Benin,BEN,Lower middle income,Sub-Saharan Africa,0.710807276,0.711033734,0.726691824,0.742938727,0.759220416,0.77810232,0.795938509,0.815870979,0.835175928,0.855376894,0.876153791,0.899931383,0.914296121,0.930397212,0.945262686,0.958807649,0.970346003,0.982094084,0.993190908,1.003042004,0.97057703,0.969514713,0.967400302,0.966877153,0.967603056,0.969639189,0.96843717,0.96781572,0.967744138,0.967674636,0.967674636,0.967674636,0.967674636,0.967674636,0.967674636,0.96826217,0.967674636,0.966967563
Burkina Faso,BFA,Low income,Sub-Saharan Africa,1.27448274,1.267336371,1.257307879,1.247326903,1.227960848,1.208697761,1.180178991,1.159512666,1.117864475,1.088120369,1.070074076,1.040014672,1.00456256,0.967723498,0.934839681,0.896197243,0.872905286,0.859459058,0.835839322,0.813833078,0.793360888,0.775035336,0.757132915,0.741849004,0.738136701,0.733952082,0.731572839,0.73012739,0.724629967,0.719804535,0.719804535,0.719804535,0.719804535,0.719804535,0.719804535,0.728017363,0.719804535,0.70641569
Bangladesh,BGD,Lower middle income,South Asia,0.18853339,0.196555273,0.206391759,0.217375662,0.229335768,0.241508758,0.244494729,0.248498122,0.253692914,0.260470656,0.26493416,0.271261365,0.279271705,0.28489067,0.291470014,0.303519229,0.308530506,0.314033489,0.319386191,0.331703201,0.340154847,0.348403637,0.355992206,0.369097799,0.382820172,0.397189085,0.441397916,0.450478551,0.460273665,0.469044221,0.469044221,0.469044221,0.469044221,0.469044221,0.469044221,0.443676688,0.469044221,0.50703747
Bulgaria,BGR,Upper middle income,Europe & Central Asia,0.893464569,0.890271307,0.875031002,0.853608739,0.832756174,0.813169701,0.790734847,0.772158028,0.741967422,0.728208697,0.738999779,0.744240651,0.718335376,0.725499523,0.705261384,0.703135416,0.700352731,0.7028414,0.695855119,0.706710074,0.699921605,0.695024986,0.686742857,0.678316673,0.666988434,0.657497692,0.659516419,0.65490781,0.650504057,0.648149298,0.648149298,0.648149298,0.648149298,0.648149298,0.648149298,0.654115055,0.648149298,0.643126395
Bahrain,BHR,High income,Middle East & North Africa,0.184847011,0.189384587,0.193126806,0.19900442,0.204950481,0.210719445,0.216744138,0.221969238,0.226674309,0.23364153,0.242560172,0.247037956,0.250010242,0.253888812,0.26062156,0.26932458,0.278689569,0.288016678,0.290830745,0.302146023,0.296496126,0.29705419,0.29761124,0.300231932,0.301960229,0.30413814,0.307178311,0.309114591,0.307650735,0.305934094,0.305934094,0.305934094,0.305934094,0.305934094,0.305934094,0.306803174,0.305934094,0.30089449
"Bahamas, The",BHS,High income,Latin America & Caribbean,0.482609004,0.470836897,0.465214724,0.467038701,0.46277702,0.450344199,0.506874601,0.470741575,0.47327278,0.494906135,0.516800546,0.524845293,0.464707398,0.465896993,0.469746615,0.482948964,0.457808938,0.467170216,0.462366717,0.456463013,0.446869512,0.45913524,0.451136181,0.441235129,0.430970403,0.41906519,0.420434813,0.436670539,0.427766122,0.423421532,0.424448424,0.424448424,0.424448424,0.424448424,0.424448424,0.425471639,0.424448424,0.420625065
Bosnia and Herzegovina,BIH,Upper middle income,Europe & Central Asia,0.559249933,0.556670556,0.553125956,0.544495588,0.540050447,0.534338366,0.537555132,0.537545131,0.53538408,0.536588205,0.533603176,0.528483054,0.527158805,0.524592659,0.504808447,0.505096524,0.504657248,0.530756802,0.591118405,0.576539949,0.560771164,0.568606911,0.59068988,0.564122816,0.571964777,0.53804361,0.583223109,0.584467268,0.573702892,0.56849804,0.569828895,0.569828895,0.569828895,0.569828895,0.569828895,0.569586984,0.569828895,0.578813917
Belarus,BLR,Upper middle income,Europe & Central Asia,0.738278221,0.746280844,0.752115029,0.755605583,0.760163881,0.764005008,0.759937921,0.760190603,0.76201458,0.762853564,0.764650644,0.765575281,0.765853268,0.767110651,0.768899591,0.770197518,0.771287707,0.773020582,0.768180368,0.76652639,0.769188803,0.765629252,0.760095561,0.754662179,0.746578684,0.758103717,0.748432937,0.735495312,0.729975674,0.72440296,0.72450205,0.72450205,0.72450205,0.72450205,0.72450205,0.73928212,0.72450205,0.710348218
Belize,BLZ,Upper middle income,Latin America & Caribbean,0.3296417,0.343158126,0.347717852,0.333255148,0.341701303,0.361798041,0.375474373,0.341317698,0.367371845,0.372152879,0.380967521,0.391114969,0.387187289,0.386292593,0.383502041,0.390062606,0.398446361,0.399080316,0.399429717,0.400116729,0.40188604,0.402074256,0.402878871,0.392840034,0.415218494,0.433629127,0.428184696,0.428106162,0.428694078,0.429924447,0.426705378,0.426705378,0.426705378,0.426705378,0.426705378,0.429707702,0.426705378,0.436108186
Bolivia,BOL,Lower middle income,Latin America & Caribbean,0.649919227,0.652230624,0.65351863,0.656975612,0.660071519,0.662554037,0.664016918,0.667315346,0.671815657,0.676634568,0.675075302,0.701698825,0.696317424,0.701839757,0.704300897,0.696955532,0.695048173,0.694902134,0.704250316,0.699391758,0.696911626,0.656497897,0.668900671,0.686348677,0.636496585,0.667184474,0.687551413,0.725980162,0.719714109,0.715780716,0.714327224,0.714327224,0.714327224,0.714327224,0.714327224,0.703242175,0.714327224,0.723782524
Brazil,BRA,Upper middle income,Latin America & Caribbean,0.408029521,0.425077409,0.441460807,0.452828859,0.467289132,0.45424743,0.456133679,0.459570974,0.47383501,0.490932091,0.513254344,0.532633764,0.53160399,0.539880076,0.550974374,0.547296177,0.542169775,0.540752772,0.532379719,0.516396299,0.505061861,0.515529932,0.51286457,0.512110391,0.510706597,0.498935852,0.500499025,0.501404537,0.496870081,0.491442854,0.491442854,0.491442854,0.491442854,0.491442854,0.491442854,0.49783047,0.491442854,0.48449613
Barbados,BRB,High income,Latin America & Caribbean,0.594882018,0.565936727,0.595762478,0.568484933,0.59201662,0.625617485,0.608656373,0.606348448,0.612353169,0.631767431,0.63988984,0.612117623,0.616387747,0.604624677,0.592967456,0.600737996,0.632906634,0.653774947,0.610936106,0.61963694,0.5979355,0.626680897,0.6421521,0.588591842,0.61383047,0.623159632,0.621071975,0.615910763,0.610283042,0.606903765,0.609447748,0.609447748,0.609447748,0.609447748,0.609447748,0.615465835,0.609447748,0.617457364
Brunei Darussalam,BRN,High income,East Asia & Pacific,0.432679189,0.443180213,0.453559523,0.464759887,0.477663936,0.48829437,0.500683541,0.513037403,0.521155501,0.532900312,0.541489264,0.542570857,0.544273195,0.547745973,0.551813487,0.556676777,0.56145009,0.568870637,0.572046118,0.575197657,0.579843904,0.586381228,0.595067339,0.603143653,0.546595473,0.509916628,0.486819999,0.49479116,0.497508008,0.495460946,0.495460946,0.495460946,0.495460946,0.495460946,0.495460946,0.496899349,0.495460946,0.49200794
Bhutan,BTN,Lower middle income,South Asia,0.638420858,0.636400989,0.637551263,0.635417763,0.63833423,0.647824732,0.660320467,0.66831067,0.669899105,0.658733213,0.654638065,0.667343169,0.684045218,0.696137946,0.717052901,0.733423295,0.770470809,0.81501599,0.826285091,0.846363779,0.781336643,0.886176565,0.752398512,0.671934517,0.750482111,0.749351879,0.749441863,0.752436929,0.752801642,0.75267937,0.752490884,0.752490884,0.752490884,0.752490884,0.752490884,0.751342337,0.752490884,0.765625732
Botswana,BWA,Upper middle income,Sub-Saharan Africa,0.512319621,0.519141869,0.5239004,0.538544372,0.538312917,0.541934594,0.54751618,0.560766506,0.584782856,0.625038357,0.593459161,0.601452576,0.622564939,0.630744693,0.636570531,0.643435081,0.645499413,0.646517404,0.650263718,0.641786263,0.645278725,0.653384952,0.665504793,0.667854864,0.664082717,0.661218409,0.663434311,0.665473543,0.66530974,0.663442104,0.663442104,0.663442104,0.663442104,0.663442104,0.663442104,0.663775622,0.663442104,0.679535036
Central African Republic,CAF,Low income,Sub-Saharan Africa,0.604064415,0.603591597,0.604132534,0.605651962,0.609421275,0.610694711,0.612501518,0.61510704,0.615237787,0.616468766,0.617691867,0.618805682,0.619623018,0.621043737,0.621799058,0.62130857,0.621489589,0.621292543,0.622954532,0.624946411,0.623954083,0.622711254,0.609976935,0.605978927,0.609100218,0.614480988,0.619323513,0.625051313,0.62624212,0.627314632,0.627314632,0.627314632,0.627314632,0.627314632,0.627314632,0.622482513,0.627314632,0.630928249
Canada,CAN,High income,North America,0.593734957,0.592861575,0.59139535,0.591766025,0.591012528,0.591558472,0.595841013,0.607829586,0.610918938,0.603981469,0.597898477,0.613039479,0.611987017,0.616365694,0.613979628,0.621030127,0.623620813,0.612364554,0.617274622,0.612121209,0.608163813,0.618056857,0.612034879,0.609517836,0.605943018,0.612209582,0.61246689,0.612501132,0.609160668,0.608023249,0.609334837,0.609334837,0.609334837,0.609334837,0.609334837,0.610872304,0.609334837,0.612315426
Switzerland,CHE,High income,Europe & Central Asia,0.625212768,0.63892319,0.622987265,0.622110716,0.5998455,0.58344482,0.600740553,0.60678687,0.594425143,0.611309024,0.601709987,0.614766553,0.605661185,0.597641649,0.599943659,0.597360121,0.590501863,0.623995023,0.626274284,0.624862365,0.641385074,0.653314818,0.644195307,0.640254968,0.666841514,0.674406912,0.663338035,0.670789587,0.668547195,0.666463513,0.667049194,0.667049194,0.667049194,0.667049194,0.667049194,0.668709048,0.667049194,0.672372517
Channel Islands,CHI,High income,Europe & Central Asia,0.577202907,0.577980856,0.581014152,0.592801621,0.589916823,0.584309285,0.588452237,0.595303285,0.606855493,0.608509511,0.606718739,0.611823472,0.610593583,0.601213309,0.598686056,0.600508057,0.597181715,0.59038221,0.581405295,0.584321354,0.564109717,0.564343255,0.565975787,0.564625351,0.565668849,0.565934822,0.562002758,0.556382428,0.552899289,0.550277795,0.550277795,0.550277795,0.550277795,0.550277795,0.550277795,0.557499418,0.550277795,0.545552245
Chile,CHL,High income,Latin America & Caribbean,0.364210391,0.364989091,0.369375712,0.364881588,0.373052773,0.367782658,0.377949974,0.375061007,0.368382414,0.372778934,0.369205808,0.368937244,0.380755616,0.397216731,0.403823347,0.410930763,0.421619449,0.437065072,0.446602577,0.456554703,0.4744047,0.481218162,0.488912437,0.495819277,0.491854347,0.502659918,0.515442214,0.51583343,0.514036756,0.511091217,0.511327908,0.511327908,0.511327908,0.511327908,0.511327908,0.511812707,0.511327908,0.523552703
China,CHN,Upper middle income,East Asia & Pacific,0.96321194,0.956941892,0.950007976,0.944558129,0.939034423,0.933450278,0.928491473,0.92467926,0.920712144,0.915295552,0.908775032,0.89964941,0.890885597,0.883806295,0.874440382,0.864995872,0.857211667,0.850324726,0.842836735,0.835605075,0.830784577,0.828352539,0.820758816,0.813246169,0.806803027,0.800844724,0.793996834,0.788379483,0.782758726,0.777569792,0.777569792,0.777569792,0.777569792,0.777569792,0.777569792,0.788709912,0.777569792,0.76206847
CÃ´te d'Ivoire,CIV,Lower middle income,Sub-Saharan Africa,0.580484317,0.583270561,0.586089381,0.588659352,0.58967213,0.589016921,0.589831433,0.589953904,0.594880072,0.601599147,0.607179192,0.614754494,0.621996526,0.627874714,0.633749055,0.640850955,0.647503625,0.654785269,0.662210108,0.670318079,0.684983327,0.682311656,0.678997798,0.679099787,0.684603598,0.694759429,0.701926491,0.701572485,0.702011559,0.702693352,0.702693352,0.702693352,0.702693352,0.702693352,0.702693352,0.700592663,0.702693352,0.705047116
Cameroon,CMR,Lower middle income,Sub-Saharan Africa,0.808288516,0.809156291,0.811254994,0.812289497,0.812183364,0.813588433,0.81287185,0.813438056,0.8145533,0.817069394,0.825400199,0.806175446,0.797276194,0.7946844,0.80101238,0.807853745,0.81903308,0.805794962,0.791590886,0.775657616,0.779468674,0.783839528,0.788810032,0.79445457,0.798577927,0.802224594,0.805944158,0.809353306,0.809478522,0.809266749,0.809266749,0.809266749,0.809266749,0.809266749,0.809266749,0.807253466,0.809266749,0.809202581
"Congo, Dem. Rep.",COD,Low income,Sub-Saharan Africa,0.766442501,0.758239302,0.75146074,0.747534894,0.746547969,0.743599156,0.738125515,0.735848606,0.73116758,0.726091505,0.724031637,0.722607144,0.724877002,0.727428313,0.730032519,0.727849394,0.726548134,0.724309903,0.721228686,0.717246048,0.714996623,0.712682535,0.717357709,0.723271664,0.729445357,0.732201978,0.735445536,0.74107328,0.74241737,0.743316961,0.743316961,0.743316961,0.743316961,0.743316961,0.743316961,0.738891025,0.743316961,0.747154466
"Congo, Rep.",COG,Lower middle income,Sub-Saharan Africa,0.893012216,0.8969045,0.901061658,0.901304983,0.902018097,0.907596152,0.915756962,0.913372376,0.91990062,0.915101493,0.918393916,0.918066007,0.920294715,0.919131567,0.916858369,0.913737299,0.910502371,0.90258109,0.895037747,0.910302475,0.919459254,0.922085619,0.919225042,0.915297286,0.91482255,0.91822394,0.921527505,0.923267127,0.921859801,0.921798198,0.921798198,0.921798198,0.921798198,0.921798198,0.921798198,0.921335314,0.921798198,0.923631794
Colombia,COL,Upper middle income,Latin America & Caribbean,0.519286536,0.519343307,0.5268888,0.521133867,0.540101656,0.534694745,0.538017869,0.536487162,0.531553366,0.521283945,0.529158687,0.529528726,0.533695862,0.520290544,0.512202458,0.503336751,0.4962137,0.496584313,0.512211024,0.529083358,0.533552842,0.54368387,0.538075627,0.535184229,0.537452739,0.533877208,0.540164198,0.541451033,0.537306659,0.537431017,0.537431017,0.537431017,0.537431017,0.537431017,0.537431017,0.538046023,0.537431017,0.538907054
Comoros,COM,Lower middle income,Sub-Saharan Africa,0.533676971,0.533586077,0.536558721,0.536666101,0.540173029,0.544469266,0.548922291,0.55471445,0.560732164,0.571022478,0.576868418,0.584097065,0.591793422,0.599156684,0.605917245,0.612789592,0.617732539,0.623018686,0.628174653,0.63340142,0.637569249,0.640761154,0.644942699,0.648559301,0.651547347,0.65418583,0.658296832,0.662946062,0.664610833,0.666450959,0.666450959,0.666450959,0.666450959,0.666450959,0.666450959,0.661298103,0.666450959,0.672755195
Cabo Verde,CPV,Lower middle income,Sub-Saharan Africa,0.442859304,0.446869154,0.450368943,0.454646834,0.459674051,0.464952,0.46986148,0.475842182,0.480766062,0.488910199,0.495141348,0.501681804,0.507694093,0.514938718,0.521712992,0.525978216,0.531062385,0.53734471,0.542006688,0.542630937,0.551365298,0.561597471,0.570972471,0.579862964,0.58799,0.597490039,0.608935692,0.613324105,0.615496305,0.617423282,0.617423282,0.617423282,0.617423282,0.617423282,0.617423282,0.610533885,0.617423282,0.637113843
Costa Rica,CRI,Upper middle income,Latin America & Caribbean,0.335294611,0.331789763,0.33679903,0.344707905,0.348953505,0.333632598,0.358026639,0.375234979,0.378254891,0.365560268,0.399835013,0.396524649,0.39372099,0.374351827,0.402281945,0.398760264,0.41142232,0.41892168,0.415152099,0.403846208,0.39858161,0.424495547,0.412605343,0.426159057,0.435914102,0.407208025,0.415085063,0.431321144,0.42739174,0.42631507,0.42650737,0.42650737,0.42650737,0.42650737,0.42650737,0.421464209,0.42650737,0.42957745
Cuba,CUB,Upper middle income,Latin America & Caribbean,0.503153013,0.498580381,0.490710681,0.471404055,0.451403232,0.444520866,0.447718285,0.455929337,0.450140818,0.45607824,0.456532526,0.453668404,0.453805776,0.456871857,0.466909925,0.47727301,0.4850581,0.482287041,0.485114958,0.483670145,0.495469908,0.502111956,0.483503532,0.479820998,0.482681345,0.478498373,0.474104484,0.468143573,0.46374365,0.460100554,0.460100554,0.460100554,0.460100554,0.460100554,0.460100554,0.468918127,0.460100554,0.455177046
Cyprus,CYP,High income,Europe & Central Asia,0.646473209,0.648822596,0.613539059,0.610865705,0.587122658,0.577364,0.59310985,0.574380844,0.555257287,0.550582593,0.568802371,0.58528145,0.579134935,0.577270976,0.557985592,0.551635525,0.536162608,0.56938547,0.612594807,0.58865441,0.583825838,0.580380782,0.545230591,0.552482112,0.55631766,0.532131851,0.524400976,0.522211386,0.514471949,0.511052948,0.511052948,0.511052948,0.511052948,0.511052948,0.511052948,0.520853822,0.511052948,0.488465283
Czech Republic,CZE,High income,Europe & Central Asia,0.722641831,0.713870463,0.693974463,0.695897916,0.691273006,0.67253544,0.668205504,0.661061379,0.657522306,0.652423054,0.643323045,0.641438889,0.640579654,0.642246787,0.631080164,0.642677082,0.632458046,0.635645902,0.628255147,0.601834417,0.611420958,0.617751351,0.631322896,0.610227493,0.613234642,0.627292376,0.641879327,0.642569488,0.641566021,0.641120469,0.64137123,0.64137123,0.64137123,0.64137123,0.64137123,0.638885536,0.64137123,0.645069541
Germany,DEU,High income,Europe & Central Asia,0.639064738,0.634830711,0.634047123,0.642843622,0.650077579,0.637045706,0.636168979,0.631563659,0.635646888,0.632190084,0.637711361,0.646911342,0.640437051,0.634211433,0.625600381,0.624885082,0.631136189,0.636499104,0.646263554,0.6433544,0.644363456,0.64065121,0.643204367,0.651519439,0.647101439,0.646628181,0.652275963,0.647059602,0.642276514,0.640360258,0.640360258,0.640360258,0.640360258,0.640360258,0.640360258,0.645720104,0.640360258,0.642953302
Djibouti,DJI,Lower middle income,Middle East & North Africa,0.521125354,0.521949186,0.528190467,0.530837651,0.53408535,0.537303816,0.53787575,0.537736199,0.539539794,0.544456812,0.546613636,0.550963749,0.556979319,0.563415563,0.569267817,0.577432976,0.586531011,0.59616773,0.608404029,0.619027732,0.622954203,0.627372945,0.628206695,0.631023741,0.632523971,0.633452846,0.636788244,0.640098491,0.639561293,0.639590428,0.639590428,0.639590428,0.639590428,0.639590428,0.639590428,0.63789826,0.639590428,0.640370974
Denmark,DNK,High income,Europe & Central Asia,0.619755602,0.623320793,0.622750917,0.591149647,0.581922383,0.571880031,0.560400382,0.583149134,0.580527301,0.604472144,0.592835459,0.587038964,0.584957766,0.604206142,0.592162655,0.583801309,0.602057208,0.575177783,0.572714837,0.553335693,0.551887963,0.565778998,0.558869277,0.5463476,0.556632115,0.555144116,0.565205834,0.559815656,0.554629575,0.551246027,0.553095056,0.553095056,0.553095056,0.553095056,0.553095056,0.557208242,0.553095056,0.551356588
Dominican Republic,DOM,Upper middle income,Latin America & Caribbean,0.35814704,0.368876956,0.375739632,0.37434388,0.375929146,0.378985846,0.39105255,0.381329098,0.387822852,0.378837447,0.360399119,0.381419429,0.370934824,0.36240082,0.377810711,0.380441107,0.372821743,0.395810087,0.351347791,0.379096392,0.388707374,0.391212346,0.376953043,0.394351501,0.392382688,0.386347319,0.407711405,0.414325171,0.41315593,0.412799566,0.413469742,0.413469742,0.413469742,0.413469742,0.413469742,0.406867878,0.413469742,0.421114089
Algeria,DZA,Lower middle income,Middle East & North Africa,0.159658117,0.15960228,0.158628961,0.155841425,0.154367135,0.151687047,0.149611205,0.149189861,0.151747384,0.154234045,0.154501815,0.152667749,0.152151091,0.155326326,0.151315516,0.150206021,0.145812647,0.146236903,0.145726837,0.14120421,0.152077985,0.165929623,0.170129437,0.164134728,0.162882356,0.155076336,0.151581837,0.14788215,0.147366065,0.14835274,0.14835274,0.14835274,0.14835274,0.14835274,0.14835274,0.150051826,0.14835274,0.148376005
Ecuador,ECU,Upper middle income,Latin America & Caribbean,0.534691736,0.537059472,0.537964827,0.540528372,0.542629591,0.54362645,0.546334253,0.566260642,0.561231611,0.551317705,0.549186109,0.53938816,0.531660405,0.566248742,0.549101117,0.557359351,0.555444183,0.551971053,0.550268972,0.5395676,0.532622916,0.546903154,0.542957628,0.526966036,0.562757744,0.59418987,0.605216417,0.600154879,0.599966826,0.601015627,0.600969577,0.600969577,0.600969577,0.600969577,0.600969577,0.600108724,0.600969577,0.610150589
"Egypt, Arab Rep.",EGY,Lower middle income,Middle East & North Africa,0.230428516,0.247464524,0.234825815,0.238199036,0.224696526,0.230729566,0.21818347,0.208388492,0.215254322,0.210284984,0.215008861,0.192416942,0.204804667,0.206783694,0.218115496,0.220898008,0.263042512,0.240950682,0.250398709,0.249876254,0.245682768,0.244025281,0.262823666,0.27220999,0.265087051,0.271819386,0.267053171,0.269893306,0.274176158,0.278951067,0.277658637,0.277658637,0.277658637,0.277658637,0.277658637,0.272378618,0.277658637,0.283799503
Eritrea,ERI,Low income,Sub-Saharan Africa,0.662720546,0.658065994,0.652711222,0.650847112,0.647926281,0.651156237,0.658607979,0.66518005,0.668492108,0.670481415,0.681867947,0.695855584,0.704492068,0.717111762,0.728439139,0.727991611,0.725992384,0.716222261,0.714297185,0.713636484,0.709022907,0.704946729,0.697317836,0.697801921,0.689563901,0.69326431,0.691441602,0.694934,0.696769278,0.698120002,0.698120002,0.698120002,0.698120002,0.698120002,0.698120002,0.694905838,0.698120002,0.701472426
Spain,ESP,High income,Europe & Central Asia,0.399490921,0.405769755,0.415870115,0.41378903,0.421185204,0.417172795,0.427303438,0.421832295,0.436500603,0.457464943,0.465049886,0.478368614,0.496132269,0.507650334,0.524470649,0.540248832,0.546296182,0.554252345,0.555803403,0.552449426,0.554398511,0.558255875,0.541628437,0.537861222,0.531777065,0.530116482,0.536083216,0.535760495,0.529357543,0.525256295,0.52569519,0.52569519,0.52569519,0.52569519,0.52569519,0.531314806,0.52569519,0.522211773
Estonia,EST,High income,Europe & Central Asia,0.732422844,0.722368342,0.686460886,0.669433596,0.682169758,0.682169314,0.690783525,0.675740687,0.6903544,0.726402957,0.631994034,0.664012024,0.646133074,0.667022547,0.701821587,0.682039913,0.691167512,0.673715509,0.706994114,0.715421789,0.676909525,0.664546384,0.64106003,0.630124476,0.654548832,0.620657506,0.623115169,0.607150484,0.606574821,0.604354208,0.60787549,0.60787549,0.60787549,0.60787549,0.60787549,0.612370437,0.60787549,0.598696632
Ethiopia,ETH,Low income,Sub-Saharan Africa,1.171228804,1.17661656,1.168638667,1.162465196,1.170747734,1.174220553,1.185757388,1.184813825,1.184145457,1.165685165,1.140107606,1.11177881,1.091490784,1.072566529,1.053789576,1.0448734,1.035963666,1.036348714,1.033427918,1.026305142,1.026093802,1.036476717,1.042986648,1.037904919,1.035303828,1.031964677,1.033893882,1.038012003,1.037924578,1.037843656,1.037843656,1.037843656,1.037843656,1.037843656,1.037843656,1.035927759,1.037843656,1.036248693
Finland,FIN,High income,Europe & Central Asia,0.731253375,0.71693328,0.70189865,0.698006534,0.708220123,0.71388112,0.688537093,0.681594667,0.688141796,0.670496463,0.674135043,0.697196589,0.689082113,0.663847487,0.666921208,0.664224527,0.6611986,0.658514557,0.681250932,0.6656629,0.64217615,0.643324342,0.645086312,0.641027727,0.631837971,0.62776848,0.633627296,0.630539495,0.629690507,0.626635643,0.627921495,0.627921495,0.627921495,0.627921495,0.627921495,0.629652284,0.627921495,0.621654115
Fiji,FJI,Upper middle income,East Asia & Pacific,0.473174599,0.469857822,0.470270608,0.468862712,0.468574489,0.467152197,0.462494902,0.455101213,0.447837613,0.444781742,0.437487485,0.43178113,0.427063014,0.420732569,0.417020275,0.43570942,0.456025622,0.474236126,0.494975673,0.514037574,0.534456702,0.515462582,0.4962007,0.481491432,0.460298454,0.440375877,0.438911321,0.43787451,0.440094185,0.442175946,0.442175946,0.442175946,0.442175946,0.442175946,0.442175946,0.439886368,0.442175946,0.448455116
France,FRA,High income,Europe & Central Asia,0.585458303,0.585906952,0.599673684,0.587921465,0.590547738,0.582815236,0.58213,0.57725297,0.582738877,0.580344411,0.582068261,0.583482469,0.583535589,0.592734732,0.584342897,0.582543467,0.592473836,0.604219061,0.600689198,0.588418153,0.599251857,0.597321823,0.5932021,0.586600897,0.59257882,0.583660698,0.591421204,0.577959294,0.579079926,0.579183849,0.579971655,0.579971655,0.579971655,0.579971655,0.579971655,0.582260994,0.579971655,0.580713393
Gabon,GAB,Upper middle income,Sub-Saharan Africa,0.608879801,0.606966996,0.603348899,0.596865003,0.59209711,0.588845797,0.583659198,0.581360272,0.576667674,0.567368928,0.564291329,0.56256334,0.560996012,0.560143235,0.5606207,0.560552015,0.561948156,0.562137126,0.555553086,0.551509385,0.562593687,0.570226283,0.575783044,0.581500146,0.586037238,0.583805458,0.581189911,0.578836,0.5809357,0.584616882,0.584616882,0.584616882,0.584616882,0.584616882,0.584616882,0.58187679,0.584616882,0.594871123
United Kingdom,GBR,High income,Europe & Central Asia,0.547751536,0.564749291,0.571741642,0.567237124,0.571545233,0.579091315,0.567443186,0.555824683,0.543807682,0.544447814,0.539567768,0.54450832,0.530575052,0.526750862,0.543663875,0.536244849,0.547822032,0.583416579,0.533848081,0.531718831,0.542273634,0.550797059,0.55094619,0.554834683,0.552348023,0.550024129,0.555490302,0.559974892,0.558657982,0.555588387,0.556375645,0.556375645,0.556375645,0.556375645,0.556375645,0.555947138,0.556375645,0.557791764
Georgia,GEO,Upper middle income,Europe & Central Asia,0.707765738,0.718398511,0.731100018,0.739066102,0.725725772,0.705511399,0.690692325,0.685812783,0.689846057,0.626487732,0.690023115,0.653972244,0.646511842,0.657866828,0.658735543,0.658691688,0.632865693,0.615855064,0.627082878,0.658795256,0.65592563,0.631720855,0.650174359,0.65769732,0.664537811,0.677988305,0.640329353,0.643261292,0.649304492,0.652867945,0.653009643,0.653009643,0.653009643,0.653009643,0.653009643,0.652750278,0.653009643,0.649222122
Ghana,GHA,Lower middle income,Sub-Saharan Africa,0.995289294,0.99714072,0.997647932,1.000578746,1.003266618,1.004914003,1.006504742,1.010174525,1.011085496,1.017228865,1.011996644,1.007288208,1.000434046,0.99396768,0.988711718,0.985495642,0.96914956,0.945262935,0.929546203,0.907856431,0.887012205,0.872643079,0.856937664,0.884694726,0.911336816,0.900900012,0.894692621,0.896469404,0.888305318,0.882257396,0.882257396,0.882257396,0.882257396,0.882257396,0.882257396,0.89252495,0.882257396,0.858835217
Guinea,GIN,Low income,Sub-Saharan Africa,0.747171038,0.743866267,0.742391674,0.74218417,0.744295317,0.742513854,0.742569146,0.743733104,0.746251035,0.749363795,0.74958473,0.750714517,0.753289968,0.755287576,0.760268933,0.763382355,0.771140232,0.776730473,0.780229297,0.786780151,0.79332721,0.801602727,0.809573133,0.816854064,0.824809833,0.836173193,0.852304046,0.864099533,0.866405016,0.868057711,0.868057711,0.868057711,0.868057711,0.868057711,0.868057711,0.8574079,0.868057711,0.881407114
"Gambia, The",GMB,Low income,Sub-Saharan Africa,0.591249084,0.58416168,0.578307823,0.582459179,0.58412262,0.591565308,0.594290159,0.59919023,0.605001951,0.611103203,0.616261855,0.617232867,0.620833742,0.627960196,0.629172235,0.632811571,0.6379574,0.641972558,0.644989786,0.648593968,0.650156197,0.651515376,0.655268927,0.655220922,0.658035896,0.654963373,0.653925772,0.657474695,0.659333657,0.660529557,0.660529557,0.660529557,0.660529557,0.660529557,0.660529557,0.657245411,0.660529557,0.667737961
Guinea-Bissau,GNB,Low income,Sub-Saharan Africa,0.644814233,0.645908722,0.648032383,0.649734896,0.653389041,0.652615983,0.652620987,0.651626567,0.65368777,0.657693166,0.657360045,0.661401163,0.662949596,0.66676917,0.671802983,0.673203953,0.676000387,0.681076577,0.682544762,0.686178392,0.689032808,0.690899271,0.690675102,0.690734984,0.697544288,0.700305543,0.70483488,0.7076432,0.709893595,0.712253889,0.712253889,0.712253889,0.712253889,0.712253889,0.712253889,0.706986221,0.712253889,0.72089268
Equatorial Guinea,GNQ,Upper middle income,Sub-Saharan Africa,0.644711512,0.64397788,0.646159861,0.647642201,0.651497846,0.656911783,0.668554023,0.676569224,0.687383892,0.698309591,0.706878891,0.716729243,0.726019935,0.730106087,0.734884439,0.748615174,0.7617608,0.77662144,0.775312664,0.776544276,0.782681705,0.781040949,0.784071715,0.78252425,0.776287411,0.776121121,0.783148047,0.780857945,0.774710854,0.768653943,0.768653943,0.768653943,0.768653943,0.768653943,0.768653943,0.776698382,0.768653943,0.764846295
Greece,GRC,High income,Europe & Central Asia,0.472009875,0.488533453,0.488916045,0.495517155,0.49913208,0.506617692,0.512607047,0.520240973,0.527038167,0.530043998,0.522357532,0.535995106,0.543921389,0.555947052,0.559507876,0.566444175,0.564615589,0.565108862,0.567793483,0.57038133,0.56837935,0.562107086,0.55543575,0.560110993,0.571793595,0.565957904,0.562777737,0.551898008,0.553779851,0.553797527,0.553884941,0.553884941,0.553884941,0.553884941,0.553884941,0.557642205,0.553884941,0.555060785
Guatemala,GTM,Upper middle income,Latin America & Caribbean,0.512914979,0.517099833,0.521215541,0.52507241,0.531364207,0.533927715,0.537367646,0.542942909,0.558048356,0.571910475,0.550123545,0.532862939,0.515626864,0.545478465,0.524996332,0.506295185,0.505838808,0.508931833,0.513749643,0.51534114,0.494098414,0.531395794,0.472700396,0.482051136,0.457223412,0.465094268,0.456001453,0.457545539,0.455697159,0.453438506,0.453669269,0.453669269,0.453669269,0.453669269,0.453669269,0.457555385,0.453669269,0.449931594
Guam,GUM,High income,East Asia & Pacific,0.402456911,0.402162057,0.402756009,0.404646081,0.403874151,0.40372572,0.404937638,0.401469156,0.411331816,0.412957788,0.408339582,0.40562978,0.397232086,0.38969023,0.384179835,0.388886316,0.377059073,0.380149728,0.383887776,0.37893678,0.365395612,0.390521965,0.387159654,0.382329238,0.380516663,0.377744863,0.374877988,0.372865811,0.369857374,0.368506694,0.369109288,0.369109288,0.369109288,0.369109288,0.369109288,0.372770546,0.369109288,0.365921819
Guyana,GUY,Upper middle income,Latin America & Caribbean,0.425812946,0.433612986,0.44339884,0.436258652,0.428474338,0.419325675,0.411570234,0.399286794,0.385122062,0.377615059,0.367507584,0.358777259,0.366507613,0.373716581,0.385029264,0.392766687,0.400574213,0.409731398,0.418250134,0.427392388,0.435197356,0.44336809,0.45221655,0.461747818,0.471032101,0.482523173,0.493488136,0.493493103,0.493569685,0.494047235,0.494047235,0.494047235,0.494047235,0.494047235,0.494047235,0.491424266,0.494047235,0.50631126
"Hong Kong SAR, China",HKG,High income,East Asia & Pacific,0.532973604,0.483062967,0.457729416,0.464874128,0.483210027,0.482421794,0.478144404,0.499293567,0.500358856,0.516256776,0.506925694,0.536179172,0.541285731,0.511407278,0.506526128,0.54298525,0.551196771,0.505462679,0.514903079,0.506271431,0.512917628,0.511167651,0.512701565,0.512397505,0.510463269,0.511950423,0.512194224,0.510870558,0.510169668,0.511786605,0.512294711,0.512294711,0.512294711,0.512294711,0.512294711,0.511394296,0.512294711,0.518574717
Honduras,HND,Lower middle income,Latin America & Caribbean,0.65291384,0.678674453,0.690473074,0.68928397,0.696233522,0.699631971,0.683621754,0.629317584,0.621239696,0.627671993,0.64188935,0.650200665,0.617768538,0.576438126,0.554974451,0.533039633,0.515138137,0.553614011,0.571917256,0.58841595,0.553320655,0.561976552,0.569598807,0.546159036,0.548715513,0.534840373,0.563978874,0.603477431,0.6006945,0.600931575,0.60057578,0.60057578,0.60057578,0.60057578,0.60057578,0.580784551,0.60057578,0.600761818
Croatia,HRV,High income,Europe & Central Asia,0.68453373,0.689737083,0.691081127,0.691016933,0.687434438,0.690036311,0.696802986,0.693185829,0.688152506,0.680938019,0.670272022,0.672495214,0.702276352,0.72031521,0.739899907,0.737296193,0.728811206,0.735519321,0.749398,0.758824736,0.730255612,0.714583298,0.711746105,0.67062259,0.664482846,0.637482358,0.629845341,0.65849899,0.642494494,0.648212138,0.64708602,0.64708602,0.64708602,0.64708602,0.64708602,0.643306664,0.64708602,0.652476125
Haiti,HTI,Low income,Latin America & Caribbean,0.65836445,0.666421058,0.674306251,0.68429809,0.686738055,0.695103331,0.701014612,0.707820713,0.713150992,0.715838098,0.712095867,0.706664636,0.700717125,0.698781015,0.692587392,0.687748777,0.683244627,0.673248669,0.664745095,0.644334268,0.640000307,0.635461109,0.633864773,0.630961237,0.625836903,0.619392198,0.613171442,0.608019552,0.606391156,0.604380409,0.604380409,0.604380409,0.604380409,0.604380409,0.604380409,0.610270952,0.604380409,0.597204543
Hungary,HUN,High income,Europe & Central Asia,0.672293848,0.667257463,0.647184992,0.628227097,0.580011994,0.573478282,0.568819233,0.588019151,0.586675575,0.579748344,0.585487956,0.59739237,0.576454824,0.573374026,0.580687152,0.576896823,0.564400131,0.571951278,0.583417955,0.585530017,0.586792458,0.593597635,0.578837853,0.583106072,0.577815652,0.583985033,0.582481116,0.58782593,0.592778661,0.594514286,0.594781101,0.594781101,0.594781101,0.594781101,0.594781101,0.588317005,0.594781101,0.592841959
Indonesia,IDN,Upper middle income,East Asia & Pacific,0.544127621,0.568716046,0.575414363,0.57005559,0.569297999,0.566482871,0.566450088,0.569159294,0.569956072,0.581434324,0.557343743,0.534244522,0.534937959,0.513814519,0.515560399,0.515755514,0.552738016,0.569496075,0.574658641,0.580594595,0.57877727,0.584204644,0.581418739,0.581908611,0.585507827,0.592871821,0.602810443,0.61241964,0.611524931,0.611034329,0.611152058,0.611152058,0.611152058,0.611152058,0.611152058,0.606132233,0.611152058,0.619929373
India,IND,Lower middle income,South Asia,0.300408433,0.300533337,0.302773499,0.304371291,0.30461654,0.304914408,0.306571077,0.306750045,0.307202917,0.309259566,0.313407894,0.318494891,0.321969574,0.32721081,0.331894643,0.321640329,0.312219747,0.3053076,0.293306972,0.284345901,0.277434988,0.268616109,0.266349887,0.264043302,0.261511794,0.259844028,0.259440044,0.258434473,0.258209567,0.257464768,0.257464768,0.257464768,0.257464768,0.257464768,0.257464768,0.258678576,0.257464768,0.254880339
Ireland,IRL,High income,Europe & Central Asia,0.407989833,0.42498953,0.443483995,0.453801551,0.457803663,0.469000034,0.484472044,0.486417377,0.492841145,0.49259851,0.493967042,0.503158721,0.509041704,0.502048467,0.513170601,0.518095307,0.519683064,0.519329964,0.535697223,0.539628467,0.532783955,0.531003102,0.520735884,0.513181346,0.509925297,0.516489705,0.518275852,0.514491512,0.515222162,0.514713759,0.514717484,0.514717484,0.514717484,0.514717484,0.514717484,0.515838598,0.514717484,0.514969334
"Iran, Islamic Rep.",IRN,Upper middle income,Middle East & North Africa,0.100150051,0.106389521,0.112855638,0.119595029,0.125635151,0.131844079,0.141901935,0.151425958,0.161915631,0.172022884,0.18338917,0.193855866,0.215304965,0.238148025,0.255889929,0.253290222,0.248653057,0.219372062,0.235042444,0.222559758,0.209491442,0.197480922,0.184156658,0.175737352,0.196050247,0.215428078,0.230959616,0.228324812,0.224451228,0.220555262,0.220555262,0.220555262,0.220555262,0.220555262,0.220555262,0.223943799,0.220555262,0.217084809
Iraq,IRQ,Upper middle income,Middle East & North Africa,0.102611552,0.103831328,0.104597083,0.105344542,0.106046612,0.10678261,0.107896438,0.112493977,0.117614879,0.12282988,0.127296429,0.131691315,0.135632538,0.141769074,0.147392132,0.153225097,0.159064607,0.154950924,0.150737189,0.14666638,0.14321969,0.140440815,0.142290943,0.141421701,0.146364259,0.152805296,0.104731338,0.104978513,0.107143647,0.108628699,0.108614628,0.108614628,0.108614628,0.108614628,0.108614628,0.115657499,0.108614628,0.108091326
Iceland,ISL,High income,Europe & Central Asia,0.648994512,0.638343698,0.642487845,0.669345663,0.66996549,0.652604067,0.643473325,0.666306808,0.655555509,0.646446062,0.625417612,0.638856263,0.61767129,0.644465745,0.621998576,0.609096224,0.596341946,0.612751239,0.610570107,0.592305438,0.585972193,0.592744981,0.621447957,0.586162136,0.573028859,0.59250482,0.586363306,0.544529527,0.542806094,0.541913118,0.567608852,0.567608852,0.567608852,0.567608852,0.567608852,0.561623373,0.567608852,0.565211516
Israel,ISR,High income,Middle East & North Africa,0.47313376,0.489434522,0.564343461,0.505440013,0.515624316,0.527402661,0.527128043,0.529888876,0.541071535,0.549239265,0.546609568,0.549968109,0.555605001,0.549774421,0.554380207,0.550473329,0.54916007,0.543895801,0.557848792,0.550673345,0.53724277,0.536440052,0.5476066,0.551311485,0.56449815,0.559117374,0.555698938,0.564184754,0.561163243,0.559376607,0.559838205,0.559838205,0.559838205,0.559838205,0.559838205,0.559908183,0.559838205,0.565037867
Italy,ITA,High income,Europe & Central Asia,0.484758903,0.486700266,0.469117463,0.472789279,0.473085073,0.466640054,0.462066059,0.465569716,0.463794099,0.471104225,0.487679276,0.483215686,0.486897785,0.498857467,0.503149918,0.508072695,0.508839669,0.515266485,0.506770123,0.509446597,0.512882505,0.517865826,0.517115782,0.516722577,0.510577827,0.510577451,0.508113014,0.513973458,0.514305151,0.511539959,0.511539959,0.511539959,0.511539959,0.511539959,0.511539959,0.511701806,0.511539959,0.508865727
Jamaica,JAM,Upper middle income,Latin America & Caribbean,0.65315011,0.653563086,0.658822741,0.650347534,0.644640816,0.612982712,0.56727296,0.550227007,0.532403754,0.524173671,0.532470053,0.532577379,0.543421368,0.546700094,0.538626329,0.550170242,0.539653599,0.549750016,0.547476862,0.542655175,0.541830329,0.545202862,0.539169005,0.541326707,0.53750015,0.553348901,0.570479449,0.579270599,0.578473169,0.579792182,0.579619231,0.579619231,0.579619231,0.579619231,0.579619231,0.57227286,0.579619231,0.57862035
Jordan,JOR,Upper middle income,Middle East & North Africa,0.114686594,0.118986904,0.123068797,0.119918981,0.119963948,0.129637569,0.131606558,0.134592233,0.137163482,0.13955414,0.136838476,0.143388081,0.120858042,0.11085841,0.107879549,0.111825765,0.130965977,0.129211243,0.134015255,0.138113493,0.141413533,0.141080602,0.129664941,0.131183066,0.129092309,0.130015061,0.130574916,0.131575793,0.131885262,0.132471021,0.132479356,0.132479356,0.132479356,0.132479356,0.132479356,0.131304411,0.132479356,0.136031093
Japan,JPN,High income,East Asia & Pacific,0.688870864,0.678839132,0.671042833,0.669229265,0.669072233,0.66758108,0.666551614,0.666722644,0.653001903,0.646066191,0.643704154,0.629535031,0.62799863,0.623714796,0.622021039,0.620713831,0.614511354,0.613688254,0.61024103,0.607802803,0.598553091,0.594660505,0.600481,0.601090775,0.604529478,0.604647281,0.612404926,0.621347683,0.620026783,0.618865974,0.618865974,0.618865974,0.618865974,0.618865974,0.618865974,0.615458529,0.618865974,0.6245098
Kazakhstan,KAZ,Upper middle income,Europe & Central Asia,0.773443671,0.769845185,0.767041374,0.751987377,0.74401728,0.740583965,0.742592634,0.744666231,0.745428236,0.747560702,0.752282673,0.749575698,0.758676293,0.756310361,0.761214003,0.766228601,0.774194664,0.777868124,0.773364721,0.772209107,0.773392309,0.764540599,0.768806824,0.758932307,0.747244082,0.732071042,0.719569027,0.715491812,0.71047888,0.706705646,0.706900402,0.706900402,0.706900402,0.706900402,0.706900402,0.716863281,0.706900402,0.702533734
Kenya,KEN,Lower middle income,Sub-Saharan Africa,0.868042497,0.870815157,0.872816657,0.875903073,0.879332616,0.881424148,0.878546443,0.874518742,0.869817256,0.82573823,0.785534725,0.749481242,0.715940575,0.687160295,0.660898378,0.660418631,0.662069412,0.665133589,0.667672793,0.672268589,0.678691567,0.684606438,0.690511725,0.696989653,0.703417697,0.710496505,0.720212218,0.73037382,0.733611664,0.736500659,0.736500659,0.736500659,0.736500659,0.736500659,0.736500659,0.726238973,0.736500659,0.745319025
Kyrgyz Republic,KGZ,Lower middle income,Europe & Central Asia,0.668726739,0.672584061,0.686412712,0.712058151,0.713650251,0.690190146,0.678442038,0.685871412,0.669910772,0.655147923,0.649840422,0.653410916,0.660793257,0.66065151,0.64787579,0.650342712,0.6455162,0.642136822,0.639327445,0.624255349,0.626152338,0.617575033,0.584860795,0.616919865,0.606534002,0.584792843,0.544309609,0.543195896,0.5336577,0.530393184,0.53035906,0.53035906,0.53035906,0.53035906,0.53035906,0.547269846,0.53035906,0.535032727
Cambodia,KHM,Lower middle income,East Asia & Pacific,0.915262385,0.91070296,0.907349844,0.923892801,0.922039513,0.928029396,0.943496321,0.961939262,0.970073963,0.97742483,1.026967743,0.987160678,0.941333018,0.898205558,0.872360041,0.851774415,0.834299627,0.861510574,0.895512235,0.920503799,0.921658027,0.883582801,0.848104065,0.851725017,0.844722746,0.856303152,0.857950247,0.858472739,0.858323194,0.858646952,0.858646952,0.858646952,0.858646952,0.858646952,0.858646952,0.857939257,0.858646952,0.855846656
"Korea, Rep.",KOR,High income,East Asia & Pacific,0.680630635,0.682516021,0.684094517,0.686560269,0.691306647,0.69528122,0.705220732,0.674977449,0.671177442,0.68781891,0.685650738,0.685761887,0.678121963,0.685687193,0.68227735,0.687780037,0.687215361,0.67963687,0.653380435,0.645887297,0.652587976,0.641682442,0.639811169,0.640692749,0.644698542,0.640394035,0.630778289,0.64200723,0.640790023,0.638047032,0.638047032,0.638047032,0.638047032,0.638047032,0.638047032,0.638403322,0.638047032,0.632645605
Kuwait,KWT,High income,Middle East & North Africa,0.251189757,0.250484321,0.250350351,0.250501703,0.247022256,0.249330191,0.252942149,0.256072171,0.260299453,0.260491413,0.260957822,0.259629978,0.253088457,0.248603619,0.245739849,0.25375481,0.263581838,0.275922271,0.283990042,0.292604202,0.291634061,0.292774797,0.295613852,0.297702963,0.298339889,0.291409279,0.29153086,0.28727743,0.284975627,0.282999849,0.282999849,0.282999849,0.282999849,0.282999849,0.282999849,0.287638609,0.282999849,0.277008698
Lao PDR,LAO,Lower middle income,East Asia & Pacific,0.731906297,0.732104481,0.736274862,0.73605838,0.741114459,0.748680367,0.758121498,0.77145343,0.779052893,0.788598329,0.797890444,0.805224118,0.813715497,0.823232914,0.832226506,0.837045445,0.845751483,0.85376925,0.860900964,0.867567245,0.869421155,0.870955022,0.871877985,0.87221344,0.872476385,0.873714646,0.874969414,0.876633708,0.878583799,0.880185404,0.880185404,0.880185404,0.880185404,0.880185404,0.880185404,0.876817394,0.880185404,0.885291361
Lebanon,LBN,Upper middle income,Middle East & North Africa,0.262526647,0.275716487,0.281390137,0.285992382,0.289925332,0.293928113,0.29243771,0.293690246,0.291745323,0.289543418,0.283474849,0.278110912,0.274022722,0.273020732,0.277838454,0.283387543,0.290457835,0.292382561,0.295602108,0.300868493,0.299004132,0.295918907,0.291869691,0.287736691,0.284161353,0.284117529,0.283829837,0.283939773,0.283552339,0.283104248,0.283104248,0.283104248,0.283104248,0.283104248,0.283104248,0.283708745,0.283104248,0.281603068
Liberia,LBR,Low income,Sub-Saharan Africa,0.737469148,0.736951368,0.737323253,0.738131969,0.737309326,0.741492277,0.748456924,0.754199505,0.7589079,0.766505352,0.766917579,0.765732902,0.754504417,0.753011149,0.752545558,0.752858144,0.753922288,0.753883418,0.753016282,0.753665622,0.756238802,0.75930815,0.763225964,0.764901804,0.76663531,0.780824252,0.782291693,0.783947315,0.780578622,0.778234558,0.778234558,0.778234558,0.778234558,0.778234558,0.778234558,0.781175288,0.778234558,0.772326636
Libya,LBY,Upper middle income,Middle East & North Africa,0.387342176,0.395803523,0.399488614,0.405435461,0.412499243,0.417563418,0.425745459,0.431407336,0.437289817,0.444920696,0.445819896,0.450325115,0.461589399,0.473578549,0.484030176,0.493636933,0.498795851,0.500026021,0.497921394,0.499387862,0.477037515,0.492097931,0.482180097,0.462624132,0.450134649,0.445328335,0.451313088,0.454439072,0.444856654,0.440808593,0.440846455,0.440846455,0.440846455,0.440846455,0.440846455,0.447349148,0.440846455,0.429677012
St. Lucia,LCA,Upper middle income,Latin America & Caribbean,0.495327361,0.496193363,0.508063283,0.547541197,0.543208083,0.571463794,0.535678786,0.535284053,0.563829487,0.547239427,0.550375953,0.548527509,0.516408468,0.556170059,0.569445905,0.579512893,0.567741488,0.612322426,0.617486877,0.60792502,0.612442873,0.598226657,0.597768301,0.582384603,0.570169018,0.593709535,0.598932051,0.599090783,0.593088634,0.591057007,0.591891979,0.591891979,0.591891979,0.591891979,0.591891979,0.595175602,0.591891979,0.615040155
Sri Lanka,LKA,Lower middle income,South Asia,0.467983771,0.447240178,0.437303074,0.485430585,0.449939676,0.435097902,0.426111623,0.494518071,0.446740912,0.454951352,0.455714277,0.453433077,0.451151931,0.451480148,0.452461015,0.457465584,0.458698258,0.459030664,0.458494036,0.444424851,0.44275103,0.423612687,0.455870617,0.452701631,0.461557742,0.461474581,0.463961513,0.467101941,0.4668271,0.466961063,0.46756572,0.46756572,0.46756572,0.46756572,0.46756572,0.465265239,0.46756572,0.467155192
Lesotho,LSO,Lower middle income,Sub-Saharan Africa,0.600770175,0.591303193,0.588584383,0.584212631,0.584439323,0.582345444,0.592829338,0.614378786,0.630632762,0.632907029,0.640257914,0.642967389,0.638662595,0.642164883,0.640314719,0.638268643,0.637363368,0.635057963,0.634266803,0.626742138,0.625586469,0.626772712,0.625528557,0.626695712,0.632880034,0.634755846,0.643218173,0.640691012,0.638388947,0.640875495,0.640875495,0.640875495,0.640875495,0.640875495,0.640875495,0.639585895,0.640875495,0.644418785
Lithuania,LTU,High income,Europe & Central Asia,0.739169607,0.734441825,0.742398025,0.73548829,0.728934371,0.721735962,0.721850072,0.74748966,0.76503032,0.797313683,0.777755681,0.738773525,0.754725488,0.729960065,0.72421946,0.754971098,0.723318895,0.704563619,0.75932769,0.749373071,0.730530601,0.719871386,0.699277223,0.705001883,0.705721778,0.697630065,0.697779427,0.674985416,0.661328415,0.659199486,0.660480378,0.660480378,0.660480378,0.660480378,0.660480378,0.678184562,0.660480378,0.6545072
Luxembourg,LUX,High income,Europe & Central Asia,0.43338996,0.460353596,0.441813491,0.471681774,0.437796533,0.381603595,0.384717967,0.388566059,0.449677957,0.42856169,0.451150251,0.413761118,0.456958206,0.486506338,0.458355549,0.475425849,0.485275347,0.503940191,0.461280824,0.486093965,0.485306165,0.499674829,0.478230705,0.490005115,0.540676879,0.510093933,0.490661894,0.488954399,0.493427543,0.493982723,0.496135957,0.496135957,0.496135957,0.496135957,0.496135957,0.495424098,0.496135957,0.510527316
Latvia,LVA,High income,Europe & Central Asia,0.705688915,0.702666797,0.706460868,0.691956915,0.684332883,0.681005843,0.724888086,0.719510451,0.679621604,0.696242341,0.710505601,0.702889108,0.68035584,0.660049544,0.646800697,0.669519272,0.683786674,0.683607337,0.71183605,0.70470115,0.662291962,0.64061376,0.641800528,0.629354073,0.641882907,0.662971917,0.63293604,0.630271858,0.629162355,0.622725665,0.623562922,0.623562922,0.623562922,0.623562922,0.623562922,0.635613567,0.623562922,0.710741012
"Macao SAR, China",MAC,High income,East Asia & Pacific,0.478028687,0.499023549,0.504271364,0.514919407,0.510755816,0.519174794,0.516848929,0.521914065,0.530990659,0.530297775,0.560742264,0.557843451,0.525276838,0.513900041,0.519362306,0.503088026,0.483614523,0.499234566,0.483601161,0.461625529,0.456507642,0.447770592,0.455079204,0.472714239,0.475753891,0.463777491,0.432002071,0.423746467,0.420725867,0.419244635,0.419244635,0.419244635,0.419244635,0.419244635,0.419244635,0.431899306,0.419244635,0.415559979
Morocco,MAR,Lower middle income,Middle East & North Africa,0.287388131,0.286899158,0.28561324,0.291321445,0.291115862,0.296685795,0.300989715,0.305546003,0.310376994,0.313831686,0.317431278,0.307321273,0.325996461,0.330042222,0.330174047,0.333704015,0.333653617,0.329805282,0.331475285,0.334198103,0.332768969,0.326932737,0.332447326,0.32600578,0.318584229,0.310466283,0.305424279,0.309485148,0.310408505,0.310924243,0.310924243,0.310924243,0.310924243,0.310924243,0.310924243,0.309341692,0.310924243,0.313390357
Moldova,MDA,Lower middle income,Europe & Central Asia,0.920423666,0.945908899,0.917505405,0.965001388,0.935041261,0.93113587,0.924433731,0.949299069,0.961959995,0.940965631,0.930786474,0.922809342,0.916194094,0.900530738,0.874070469,0.862014439,0.841789831,0.815091683,0.798025941,0.800307887,0.791236927,0.806507206,0.793708375,0.796486112,0.833810862,0.827418246,0.8030666,0.832905681,0.844637885,0.836639079,0.830857417,0.830857417,0.830857417,0.830857417,0.830857417,0.828933498,0.830857417,0.838754425
Madagascar,MDG,Low income,Sub-Saharan Africa,0.863070539,0.862153735,0.86345693,0.866627713,0.863259322,0.861890506,0.861284589,0.859856481,0.859685898,0.860376867,0.85400275,0.846846237,0.849171721,0.796784798,0.777258267,0.805762467,0.835765505,0.867741848,0.905423864,0.939228196,0.986846764,1.01917973,1.003311657,0.992524683,0.983301961,0.984345543,0.986956312,0.988630263,0.987699027,0.986801872,0.986801872,0.986801872,0.986801872,0.986801872,0.986801872,0.986886604,0.986801872,0.99187276
Maldives,MDV,Upper middle income,South Asia,0.327469282,0.353956954,0.382111578,0.411580844,0.442367173,0.470376589,0.497417656,0.524592749,0.552560226,0.582222784,0.586107458,0.583268574,0.576066468,0.572492259,0.573791902,0.562382637,0.558847393,0.546883909,0.546485208,0.535759234,0.525294127,0.517472888,0.507368023,0.496988693,0.46847079,0.444690454,0.433104149,0.415070382,0.405297512,0.395796864,0.395796864,0.395796864,0.395796864,0.395796864,0.395796864,0.418791872,0.395796864,0.365755448
Mexico,MEX,Upper middle income,Latin America & Caribbean,0.362473648,0.369653875,0.377358999,0.376899222,0.380925855,0.380198589,0.405052883,0.392263511,0.396309395,0.393560558,0.385862046,0.393150913,0.402861803,0.403195999,0.408926463,0.411542008,0.413564496,0.412765676,0.41673274,0.41843711,0.421190779,0.430424451,0.432678163,0.425794693,0.428779499,0.431641554,0.429753045,0.433933703,0.432601073,0.431783796,0.431853886,0.431853886,0.431853886,0.431853886,0.431853886,0.431942634,0.431853886,0.439478258
North Macedonia,MKD,Upper middle income,Europe & Central Asia,0.578637014,0.575557555,0.574778977,0.568484026,0.567158628,0.564393216,0.559501871,0.579654679,0.608476811,0.588101038,0.61087473,0.633955162,0.655952848,0.628902173,0.612568657,0.607206249,0.618072356,0.60363609,0.592478799,0.60394964,0.635979834,0.633560771,0.663604877,0.623159715,0.636124279,0.609887948,0.61471092,0.62017533,0.617780758,0.621968626,0.62082145,0.62082145,0.62082145,0.62082145,0.62082145,0.616904717,0.62082145,0.628817065
Mali,MLI,Low income,Sub-Saharan Africa,0.717571609,0.715918879,0.715982738,0.715109216,0.715753606,0.715421779,0.715910408,0.715416971,0.714836675,0.709917805,0.704379048,0.701207487,0.690241088,0.683899246,0.685367229,0.686613413,0.689803466,0.681236243,0.672548309,0.668223581,0.680928981,0.687870011,0.689321302,0.700314805,0.680114522,0.681393703,0.674275457,0.672485625,0.67223694,0.673180449,0.673180449,0.673180449,0.673180449,0.673180449,0.673180449,0.674714435,0.673180449,0.66966835
Malta,MLT,High income,Middle East & North Africa,0.287750009,0.292670197,0.295070986,0.29633188,0.2932468,0.295937892,0.298396851,0.299482967,0.30491721,0.31038898,0.284494532,0.299580323,0.278861021,0.282191784,0.287878867,0.272422803,0.291935074,0.303813495,0.320040432,0.316601209,0.318047487,0.345948353,0.379179372,0.403204281,0.389050569,0.393625172,0.407908358,0.419920788,0.414917233,0.413998501,0.414032444,0.414032444,0.414032444,0.414032444,0.414032444,0.41007401,0.414032444,0.430014424
Myanmar,MMR,Lower middle income,East Asia & Pacific,0.780475313,0.77281985,0.761573143,0.758864705,0.755383871,0.75256156,0.750307562,0.748330714,0.740960627,0.731844004,0.723275626,0.714539555,0.705203731,0.696191578,0.687256367,0.678787364,0.670654091,0.66451837,0.65821048,0.652352378,0.649393003,0.645342226,0.640841399,0.636863764,0.633485957,0.632925317,0.63260974,0.628153917,0.624083486,0.619873312,0.619873312,0.619873312,0.619873312,0.619873312,0.619873312,0.627529154,0.619873312,0.609211428
Montenegro,MNE,Upper middle income,Europe & Central Asia,0.577179085,0.573689264,0.571093964,0.559261901,0.558521035,0.55793213,0.563300928,0.56264075,0.559011346,0.553499826,0.551668884,0.542925953,0.531480841,0.546832227,0.57123252,0.597342011,0.611608205,0.605595371,0.577736398,0.569608496,0.568353274,0.611970291,0.52370504,0.583129003,0.70212105,0.646195312,0.586394796,0.605183819,0.598502419,0.608015391,0.601193153,0.601193153,0.601193153,0.601193153,0.601193153,0.608858347,0.601193153,0.622151793
Mongolia,MNG,Lower middle income,East Asia & Pacific,0.787156721,0.788995331,0.787919531,0.786818476,0.800394376,0.799421506,0.797234262,0.792255086,0.792764706,0.791875057,0.785718188,0.80956122,0.785225164,0.797782212,0.805491318,0.805601912,0.776852092,0.787328394,0.762436041,0.757933419,0.752142136,0.771029104,0.750920704,0.75247558,0.746873544,0.751301719,0.738407099,0.73816337,0.732601398,0.72940348,0.730258078,0.730258078,0.730258078,0.730258078,0.730258078,0.737975413,0.730258078,0.732453032
Mozambique,MOZ,Low income,Sub-Saharan Africa,0.601169212,0.603365331,0.607456111,0.611188329,0.61322975,0.619501104,0.624991704,0.621660417,0.619934678,0.618399837,0.622592766,0.626706618,0.630304836,0.632988086,0.636415455,0.640547206,0.644287665,0.648423567,0.652508381,0.656985737,0.662115017,0.66690629,0.672921451,0.680288974,0.689137258,0.697964741,0.70552503,0.712651751,0.714007564,0.716623343,0.716623343,0.716623343,0.716623343,0.716623343,0.716623343,0.709354486,0.716623343,0.724693061
Mauritania,MRT,Lower middle income,Sub-Saharan Africa,0.359673943,0.359923023,0.360765122,0.361503024,0.362263007,0.364527785,0.367898805,0.368134271,0.368935814,0.373054978,0.373868582,0.377070756,0.376769008,0.376893396,0.376798376,0.378407741,0.383834399,0.386526251,0.390982388,0.392965305,0.39697504,0.399126185,0.400933864,0.403371968,0.408495393,0.410035089,0.412581386,0.4154599,0.415549093,0.416329242,0.416329242,0.416329242,0.416329242,0.416329242,0.416329242,0.413990942,0.416329242,0.422719151
Mauritius,MUS,High income,Sub-Saharan Africa,0.438433613,0.440621168,0.439971112,0.438447086,0.435089077,0.443450077,0.446267638,0.449650574,0.451506525,0.447314402,0.476351588,0.450612416,0.466581969,0.434125761,0.446815881,0.443152645,0.439023666,0.455995664,0.47212197,0.476602682,0.466562807,0.470854738,0.490785191,0.492347571,0.504139396,0.490927414,0.492614526,0.498049797,0.49719526,0.49642411,0.495545231,0.495545231,0.495545231,0.495545231,0.495545231,0.495042221,0.495545231,0.509942431
Malawi,MWI,Low income,Sub-Saharan Africa,0.882028122,0.881035106,0.879400277,0.880045963,0.877644932,0.880840703,0.878904564,0.878317675,0.87358306,0.869786171,0.862882458,0.856478111,0.851728929,0.84712091,0.841109463,0.83502508,0.829338442,0.825026324,0.818880477,0.813456274,0.808784033,0.802826814,0.797313216,0.80158949,0.804241624,0.807404207,0.810611571,0.814567732,0.8115124,0.808576496,0.808576496,0.808576496,0.808576496,0.808576496,0.808576496,0.810534481,0.808576496,0.804890429
Malaysia,MYS,Upper middle income,East Asia & Pacific,0.561114945,0.559914983,0.55335763,0.548644083,0.543890543,0.548627863,0.536070271,0.534645344,0.529112963,0.530693885,0.525159095,0.517650036,0.516029052,0.503351925,0.499636342,0.500368565,0.493108742,0.482288663,0.484887087,0.482936878,0.483663597,0.506167585,0.530922375,0.54485164,0.540415729,0.534734056,0.533867815,0.532389326,0.531813044,0.530993137,0.531001921,0.531001921,0.531001921,0.531001921,0.531001921,0.532759475,0.531001921,0.538026085
Namibia,NAM,Upper middle income,Sub-Saharan Africa,0.697035731,0.686444127,0.687687449,0.671712633,0.670542132,0.667302843,0.665528225,0.656435119,0.643974048,0.632981422,0.63485288,0.635068416,0.644219967,0.645503004,0.65101319,0.657515531,0.663838639,0.665632548,0.673824936,0.675404841,0.681463081,0.684634661,0.753041862,0.741912446,0.722157755,0.704684692,0.741052334,0.781807075,0.768383428,0.755287953,0.756738637,0.756738637,0.756738637,0.756738637,0.756738637,0.750243096,0.756738637,0.777098941
New Caledonia,NCL,High income,East Asia & Pacific,0.611140917,0.608213324,0.609248767,0.60207912,0.591858253,0.586257344,0.592876345,0.592471985,0.58792624,0.576713316,0.568654702,0.562018289,0.554719696,0.548412249,0.546744518,0.547179324,0.554297408,0.560257181,0.557068934,0.55229369,0.556338104,0.557840245,0.559799782,0.557944706,0.551704777,0.547460683,0.542738424,0.537915729,0.531247902,0.524987671,0.524987671,0.524987671,0.524987671,0.524987671,0.524987671,0.536870082,0.524987671,0.506287101
Niger,NER,Low income,Sub-Saharan Africa,1.166734464,1.171780739,1.173647945,1.172480225,1.175000909,1.174236108,1.171690137,1.175983961,1.178027629,1.174140798,1.177063167,1.178752216,1.173774762,1.167330929,1.167772055,1.161197293,1.153520007,1.152047632,1.146727157,1.14690608,1.143515445,1.119294686,1.101332274,1.090491639,1.090921101,1.097100569,1.099083406,1.099099261,1.096150377,1.093438787,1.093438787,1.093438787,1.093438787,1.093438787,1.093438787,1.09697448,1.093438787,1.085161095
Nigeria,NGA,Lower middle income,Sub-Saharan Africa,0.86756134,0.86846165,0.872252539,0.87770818,0.882519012,0.883344883,0.885949218,0.888964929,0.89212702,0.89173025,0.889106286,0.88221018,0.878960118,0.869997782,0.883472624,0.89244453,0.900060336,0.905825747,0.907885072,0.903816793,0.897975627,0.887199321,0.875233657,0.84300393,0.837235279,0.833171453,0.836373844,0.836932417,0.831546058,0.826081468,0.826081468,0.826081468,0.826081468,0.826081468,0.826081468,0.832821048,0.826081468,0.817307979
Nicaragua,NIC,Lower middle income,Latin America & Caribbean,0.451145115,0.437570961,0.424694883,0.413621761,0.406171103,0.404734217,0.413314632,0.421732922,0.431606558,0.445500527,0.461096987,0.478794488,0.493576928,0.497026054,0.534668048,0.563668865,0.573976573,0.559027772,0.561670878,0.566600262,0.575426705,0.58180266,0.591907421,0.587813365,0.593400758,0.597552211,0.599675167,0.585873983,0.590929083,0.588912935,0.588943975,0.588943975,0.588943975,0.588943975,0.588943975,0.592588676,0.588943975,0.589475129
Netherlands,NLD,High income,Europe & Central Asia,0.448647414,0.468495076,0.478951028,0.483629175,0.475841453,0.485601844,0.498962181,0.515669569,0.533256813,0.543266025,0.568341371,0.543933716,0.543559998,0.544375227,0.543254885,0.54147318,0.534077546,0.540440466,0.54741814,0.545168829,0.54405959,0.546815607,0.543561012,0.539617604,0.557311163,0.548827639,0.56225849,0.556962846,0.555180407,0.553829051,0.553883229,0.553883229,0.553883229,0.553883229,0.553883229,0.555411687,0.553883229,0.557432732
Norway,NOR,High income,Europe & Central Asia,0.594801977,0.596593722,0.597235448,0.594002285,0.612411251,0.603661978,0.597645712,0.599164563,0.59937001,0.593617871,0.594549296,0.596690328,0.608999986,0.590465754,0.582588733,0.577395873,0.584614006,0.590709084,0.585129484,0.569248558,0.568557269,0.568770838,0.579599427,0.590477936,0.58374246,0.587876561,0.582611802,0.593064292,0.585271875,0.582415807,0.583385622,0.583385622,0.583385622,0.583385622,0.583385622,0.586248068,0.583385622,0.58116517
Nepal,NPL,Lower middle income,South Asia,0.584804191,0.588703961,0.592862939,0.599776312,0.607003971,0.614044498,0.623485547,0.633303767,0.645871505,0.654821089,0.660848961,0.664915802,0.668568869,0.67328507,0.677258037,0.680578774,0.683931099,0.689084743,0.697628885,0.70712235,0.717814373,0.730608,0.745208593,0.761518114,0.776476571,0.785087691,0.796216273,0.806133261,0.810761157,0.81411201,0.81411201,0.81411201,0.81411201,0.81411201,0.81411201,0.802462078,0.81411201,0.8241503
New Zealand,NZL,High income,East Asia & Pacific,0.601565249,0.600274248,0.601704399,0.614805911,0.60412434,0.609842475,0.597389383,0.608916586,0.621805439,0.609619917,0.613336349,0.606124302,0.612027388,0.612865325,0.617375264,0.627008652,0.620135036,0.627896215,0.616561141,0.606435545,0.613597021,0.612002026,0.612939841,0.612454721,0.627482924,0.627613005,0.631929313,0.624862462,0.619019443,0.61619844,0.617301079,0.617301079,0.617301079,0.617301079,0.617301079,0.623924532,0.617301079,0.621316301
Oman,OMN,High income,Middle East & North Africa,0.214401068,0.212947386,0.212521454,0.214444916,0.217630496,0.226305973,0.240899327,0.258001955,0.27943112,0.295774289,0.267352285,0.248573278,0.235848633,0.222018454,0.212070866,0.208088321,0.206075749,0.206270838,0.199325201,0.206740629,0.202768525,0.197939833,0.19296844,0.191692748,0.189439888,0.191302604,0.190338126,0.189174202,0.18642386,0.183515832,0.183515832,0.183515832,0.183515832,0.183515832,0.183515832,0.188150925,0.183515832,0.175559588
Pakistan,PAK,Lower middle income,South Asia,0.153935372,0.153981118,0.161104073,0.16500518,0.141522064,0.154510357,0.169039534,0.173842904,0.177652329,0.184520427,0.184506813,0.187301926,0.198147657,0.208298501,0.217058478,0.226970632,0.228565254,0.233670002,0.252808035,0.265039532,0.271025671,0.275970096,0.279932147,0.287627293,0.293257189,0.27767926,0.279840259,0.281677257,0.285559036,0.293465709,0.293393987,0.293393987,0.293393987,0.293393987,0.293393987,0.283644304,0.293393987,0.300165945
Panama,PAN,High income,Latin America & Caribbean,0.42965736,0.417896678,0.403050182,0.391910303,0.407892497,0.413226352,0.405050086,0.396389416,0.395809355,0.393077487,0.411927661,0.413484201,0.418190603,0.406649728,0.41702693,0.410328046,0.413241979,0.443539942,0.446845686,0.439809023,0.428370422,0.44610337,0.473204915,0.472434807,0.47598969,0.48961697,0.483163959,0.496974858,0.495850588,0.495697711,0.495959824,0.495959824,0.495959824,0.495959824,0.495959824,0.492260817,0.495959824,0.501580326
Peru,PER,Upper middle income,Latin America & Caribbean,0.53868054,0.542737166,0.545031097,0.547743873,0.583012295,0.607990707,0.6311913,0.625789737,0.64818863,0.612051247,0.662594524,0.671399495,0.687329217,0.691270625,0.701876369,0.703968466,0.720494615,0.722999618,0.728502335,0.743031017,0.735327672,0.732527591,0.733496047,0.725922743,0.71742833,0.725813165,0.717999449,0.719135417,0.717501771,0.715132752,0.71536909,0.71536909,0.71536909,0.71536909,0.71536909,0.719116511,0.71536909,0.72796286
Philippines,PHL,Lower middle income,East Asia & Pacific,0.648008616,0.652061867,0.652829964,0.64915449,0.641870366,0.625079308,0.610406525,0.604375604,0.609709034,0.607577192,0.601741135,0.596296885,0.589717593,0.577801183,0.586338263,0.59169379,0.592040319,0.576533458,0.581480224,0.582930118,0.583836891,0.578427648,0.574381185,0.577566845,0.575166751,0.554076384,0.524627518,0.533826121,0.532276274,0.530647165,0.528586129,0.528586129,0.528586129,0.528586129,0.528586129,0.535090692,0.528586129,0.515902109
Papua New Guinea,PNG,Lower middle income,East Asia & Pacific,0.707117094,0.708310958,0.710485563,0.713277737,0.714500271,0.717109575,0.720437641,0.721333229,0.722503218,0.722629826,0.725472393,0.726637428,0.728191315,0.731342218,0.732219906,0.735952974,0.73858677,0.743705304,0.749033712,0.754302292,0.766650954,0.773457499,0.776921145,0.780734692,0.791791499,0.795810223,0.797492209,0.799461234,0.79995336,0.799607797,0.799607788,0.799607788,0.799607788,0.799607788,0.799607788,0.798464965,0.799607788,0.80234213
Poland,POL,High income,Europe & Central Asia,0.805653385,0.79035224,0.773331118,0.766398316,0.75968463,0.754384525,0.735514773,0.740582062,0.757926486,0.745192615,0.758709089,0.740251683,0.730764585,0.721115028,0.711484262,0.707464256,0.715041959,0.72756547,0.728826121,0.726488792,0.714606523,0.709457168,0.701534401,0.696801351,0.702469957,0.702026612,0.693481245,0.696133011,0.692799552,0.689993418,0.689993418,0.689993418,0.689993418,0.689993418,0.689993418,0.694886768,0.689993418,0.683906818
Puerto Rico,PRI,High income,Latin America & Caribbean,0.347689593,0.361257305,0.388259937,0.375149702,0.37153858,0.357439469,0.361986471,0.34508854,0.381716823,0.372829311,0.375403936,0.370546371,0.367542125,0.363456917,0.379815145,0.397211091,0.401726664,0.41510606,0.415175911,0.420739212,0.414219465,0.406883751,0.405456764,0.404250981,0.401080609,0.401400264,0.400659233,0.399350329,0.39831107,0.397439343,0.397437888,0.397437888,0.397437888,0.397437888,0.397437888,0.399432048,0.397437888,0.400820583
"Korea, Dem. People's Rep.",PRK,Low income,East Asia & Pacific,0.789972026,0.782720836,0.776036346,0.770136721,0.764273486,0.759191829,0.752919083,0.74968758,0.752154998,0.751368169,0.75211352,0.752253107,0.752455483,0.753173465,0.755189554,0.753386071,0.751372579,0.753088005,0.751132021,0.749245361,0.748954591,0.748601916,0.748137025,0.747437155,0.745869964,0.747371344,0.743866179,0.740090047,0.73822059,0.736596924,0.736596924,0.736596924,0.736596924,0.736596924,0.736596924,0.741229017,0.736596924,0.73146131
Portugal,PRT,High income,Europe & Central Asia,0.695391911,0.706187262,0.716948817,0.717831445,0.723159336,0.726251162,0.760261527,0.765012009,0.783984011,0.790355827,0.780109547,0.785064211,0.787149654,0.766458825,0.792735685,0.776804424,0.779653574,0.783332107,0.783387,0.763444824,0.717206228,0.712663609,0.688326261,0.668622763,0.667627562,0.659123036,0.645587397,0.650506721,0.646592318,0.643263136,0.643636865,0.643636865,0.643636865,0.643636865,0.643636865,0.649014522,0.643636865,0.624979091
Paraguay,PRY,Upper middle income,Latin America & Caribbean,0.563130957,0.563300109,0.562944686,0.5642763,0.558171721,0.556126841,0.549942238,0.548603054,0.545474645,0.544169857,0.542322687,0.539924495,0.540502781,0.586770923,0.571954393,0.531572924,0.545838615,0.53349458,0.56371883,0.542098011,0.554391163,0.599557452,0.575035661,0.549755893,0.55430716,0.542233661,0.554193584,0.563114608,0.560015876,0.559067894,0.558115212,0.558115212,0.558115212,0.558115212,0.558115212,0.555725124,0.558115212,0.565450838
West Bank and Gaza,PSE,Lower middle income,Middle East & North Africa,0.247295034,0.251791022,0.257184066,0.264874323,0.270176823,0.264062525,0.281841998,0.306272201,0.321746817,0.296233519,0.258350846,0.254777116,0.287930227,0.305268639,0.2870097,0.308685161,0.373211311,0.341641533,0.296362226,0.253629942,0.275285793,0.289875985,0.270005936,0.298797828,0.23069876,0.189983274,0.173979449,0.176379343,0.182298832,0.183852907,0.183852907,0.183852907,0.183852907,0.183852907,0.183852907,0.181298761,0.183852907,0.184414835
French Polynesia,PYF,High income,East Asia & Pacific,0.507851292,0.506343405,0.507440851,0.506299877,0.503234826,0.499150635,0.494567097,0.487768106,0.483457619,0.483303197,0.484069639,0.486268842,0.490536639,0.495462523,0.501963104,0.507140839,0.512036183,0.513837591,0.518635497,0.52151939,0.52279394,0.524920358,0.519872336,0.515329665,0.513737367,0.511376254,0.507660374,0.504716755,0.503615181,0.502224823,0.502224823,0.502224823,0.502224823,0.502224823,0.502224823,0.505918677,0.502224823,0.497882897
Qatar,QAT,High income,Middle East & North Africa,0.285207409,0.28115596,0.279430971,0.28031152,0.278736056,0.276235421,0.265746411,0.266003685,0.270487605,0.275429449,0.292891851,0.304563954,0.318912772,0.324775154,0.327866309,0.342115966,0.443512465,0.544711956,0.497413968,0.480914859,0.470902768,0.461012504,0.481457313,0.512214418,0.541921222,0.541975209,0.537314686,0.533430054,0.530746273,0.528081969,0.528105648,0.528105648,0.528105648,0.528105648,0.528105648,0.534309638,0.528105648,0.553503142
Romania,ROU,High income,Europe & Central Asia,0.874347209,0.869347407,0.851488145,0.823420932,0.818662801,0.798521032,0.824686397,0.81920285,0.825382368,0.817567484,0.811209586,0.797866712,0.781605797,0.798633621,0.7733136,0.779527572,0.777915568,0.770993177,0.759582332,0.733818422,0.749086851,0.736594347,0.732309646,0.729538433,0.702735523,0.698593067,0.708769359,0.700780295,0.69417798,0.69042313,0.690516157,0.690516157,0.690516157,0.690516157,0.690516157,0.698548766,0.690516157,0.676435572
Russian Federation,RUS,Upper middle income,Europe & Central Asia,0.741755357,0.739143501,0.728831644,0.719393577,0.706594502,0.69949069,0.665161324,0.658912358,0.71829172,0.717840445,0.706180692,0.717506524,0.710832494,0.709542871,0.714966295,0.717309556,0.706687826,0.693027314,0.68698179,0.668329349,0.670978059,0.668670621,0.669663432,0.663303526,0.654752543,0.648144325,0.626805404,0.625997101,0.62433574,0.621893625,0.622062058,0.622062058,0.622062058,0.622062058,0.622062058,0.629435239,0.622062058,0.618996931
Rwanda,RWA,Low income,Sub-Saharan Africa,0.524999864,0.530167139,0.537270445,0.541565488,0.549536769,0.552352085,0.553538709,0.554487695,0.553589643,0.555926343,0.561317563,0.568615312,0.576881672,0.585744268,0.594852601,0.603513424,0.611205448,0.62206366,0.633346249,0.645128229,0.658796179,0.673315834,0.699649371,0.734061413,0.749248162,0.759415669,0.768697885,0.77920149,0.786222958,0.79255538,0.79255538,0.79255538,0.79255538,0.79255538,0.79255538,0.777218676,0.79255538,0.811196921
Saudi Arabia,SAU,High income,Middle East & North Africa,0.104107421,0.102600326,0.103525183,0.104335202,0.104428073,0.106335589,0.108554198,0.111701232,0.115208458,0.118542518,0.105271193,0.101915155,0.10388022,0.105979968,0.108117777,0.111019183,0.109834094,0.100888539,0.098221531,0.103244888,0.109262764,0.109447901,0.109451415,0.109861121,0.119632158,0.124426075,0.124021594,0.123888664,0.121685213,0.120188985,0.120430754,0.120430754,0.120430754,0.120430754,0.120430754,0.122842106,0.120430754,0.122317062
Sudan,SDN,Low income,Sub-Saharan Africa,0.233015964,0.241926584,0.251730017,0.261936623,0.270813207,0.281589979,0.282265965,0.283916981,0.284449715,0.28449586,0.286491447,0.288674848,0.290476765,0.292573894,0.294962456,0.298842864,0.302302379,0.305501833,0.28297555,0.276056682,0.272367795,0.281459182,0.282523429,0.287595974,0.294073822,0.299295401,0.305499888,0.308584852,0.313587226,0.316919072,0.316919072,0.316919072,0.316919072,0.316919072,0.316919072,0.308777288,0.316919072,0.330702387
Senegal,SEN,Lower middle income,Sub-Saharan Africa,0.388916571,0.390081334,0.391467117,0.393845383,0.397266166,0.398735733,0.40040019,0.403478013,0.407188386,0.410325288,0.412218494,0.413433792,0.412309567,0.411734329,0.409968763,0.406397878,0.412801318,0.420304152,0.427056601,0.434236878,0.441931925,0.457340008,0.473185094,0.487692964,0.502270439,0.501628865,0.501597852,0.502884094,0.499393468,0.496563431,0.496563431,0.496563431,0.496563431,0.496563431,0.496563431,0.500413542,0.496563431,0.487975219
Singapore,SGP,High income,East Asia & Pacific,0.457227085,0.435410114,0.424713337,0.468394044,0.475620085,0.486011363,0.479343075,0.482615303,0.481577768,0.496794781,0.506237546,0.482121674,0.515074458,0.497601248,0.495018788,0.493820485,0.498760808,0.517807161,0.506252936,0.515771162,0.517502665,0.522773104,0.529057314,0.526886577,0.53605469,0.533942991,0.527897219,0.528391194,0.525795772,0.524338097,0.525353641,0.525353641,0.525353641,0.525353641,0.525353641,0.528073054,0.525353641,0.531720242
Solomon Islands,SLB,Lower middle income,East Asia & Pacific,0.798455608,0.799595024,0.801304836,0.803469271,0.805121368,0.807388298,0.805740425,0.807195889,0.806973169,0.803780738,0.799576401,0.794363215,0.792806515,0.79451566,0.797235439,0.799988442,0.801230273,0.804576808,0.801060486,0.798925403,0.804917983,0.807167658,0.806384209,0.805774782,0.804668274,0.803727232,0.803325022,0.802469096,0.800904704,0.799425301,0.799425301,0.799425301,0.799425301,0.799425301,0.799425301,0.801970271,0.799425301,0.798036811
Sierra Leone,SLE,Low income,Sub-Saharan Africa,0.772383125,0.763227027,0.765133434,0.766384566,0.765479654,0.76669154,0.766557913,0.771315505,0.774459873,0.780403788,0.779085962,0.796118911,0.805054406,0.807277266,0.80754652,0.808036589,0.8103738,0.812220744,0.813550929,0.811661086,0.812563785,0.813791732,0.817836414,0.82109539,0.818435386,0.82642741,0.836493549,0.844162776,0.845014482,0.845477617,0.845477617,0.845477617,0.845477617,0.845477617,0.845477617,0.839515167,0.845477617,0.852285549
El Salvador,SLV,Lower middle income,Latin America & Caribbean,0.512732504,0.520312993,0.57313383,0.569311649,0.548053241,0.527714249,0.543448611,0.566225926,0.5579115,0.569058613,0.549434528,0.545930973,0.535366576,0.524852306,0.531176498,0.528248825,0.523409077,0.528644746,0.547719922,0.53973955,0.543532954,0.545726783,0.540918265,0.531604071,0.516837064,0.520072127,0.513277439,0.492323828,0.490975856,0.489735988,0.491508796,0.491508796,0.491508796,0.491508796,0.491508796,0.501277048,0.491508796,0.487290614
Somalia,SOM,Low income,Sub-Saharan Africa,0.235033425,0.232219514,0.230073295,0.228058615,0.223949689,0.220876893,0.217139162,0.213277432,0.210562424,0.208601886,0.205740956,0.204448106,0.204235419,0.204192521,0.204599436,0.203563681,0.203739724,0.20302727,0.203247813,0.204452656,0.205049836,0.207214495,0.210327226,0.213547937,0.216615384,0.219396712,0.221790242,0.223959512,0.224535342,0.225049527,0.225049527,0.225049527,0.225049527,0.225049527,0.225049527,0.222946267,0.225049527,0.226617779
Serbia,SRB,Upper middle income,Europe & Central Asia,0.673781399,0.674447935,0.671319281,0.664653712,0.664425981,0.666651924,0.667261868,0.662009576,0.656167968,0.65760203,0.6569249,0.6583371,0.667125566,0.617890897,0.605333675,0.624277802,0.65743865,0.676939801,0.671898909,0.667570795,0.667130626,0.658138777,0.654037154,0.653831174,0.643352882,0.661319267,0.669691389,0.668215205,0.665477914,0.661831299,0.663342828,0.663342828,0.663342828,0.663342828,0.663342828,0.665307015,0.663342828,0.658516976
South Sudan,SSD,Low income,Sub-Saharan Africa,0.744168831,0.747306654,0.750720692,0.75560044,0.758356736,0.760899765,0.761910012,0.766120761,0.765506594,0.769842665,0.776969305,0.781506534,0.78846513,0.795321684,0.801502144,0.807620303,0.8104325,0.812145966,0.808047066,0.813636886,0.81015946,0.796956508,0.811470506,0.821531295,0.819845466,0.813867396,0.812852511,0.818040529,0.828839848,0.838515138,0.838515138,0.838515138,0.838515138,0.838515138,0.838515138,0.822423084,0.838515138,0.849766179
SÃ£o TomÃ© and Principe,STP,Lower middle income,Sub-Saharan Africa,0.431284092,0.434261826,0.436445006,0.43933938,0.443842567,0.447253571,0.451236376,0.454928812,0.458577451,0.461580049,0.397178288,0.405823436,0.394881635,0.411542442,0.376765301,0.376654846,0.379180258,0.37300679,0.375079706,0.369525324,0.37135856,0.371335554,0.368278184,0.367148096,0.365126867,0.364705617,0.364811526,0.366051864,0.363608305,0.35983183,0.360571635,0.360571635,0.360571635,0.360571635,0.360571635,0.363801829,0.360571635,0.357017767
Suriname,SUR,Upper middle income,Latin America & Caribbean,0.339180431,0.33932706,0.284810033,0.306677833,0.321106916,0.290561257,0.318010202,0.334854486,0.327769381,0.330507928,0.33535249,0.343373183,0.353595047,0.368186582,0.37542108,0.383949514,0.390784668,0.396681954,0.396832934,0.40762012,0.419541504,0.426619413,0.429414778,0.420680117,0.41783268,0.405606092,0.40578144,0.407705811,0.408476951,0.410228292,0.410253177,0.410253177,0.410253177,0.410253177,0.410253177,0.407559717,0.410253177,0.41872301
Slovak Republic,SVK,High income,Europe & Central Asia,0.80027755,0.778629362,0.748517706,0.685674672,0.671435166,0.684263128,0.693623467,0.690973498,0.685839101,0.680662582,0.678034034,0.680204128,0.668904132,0.639079437,0.624302562,0.612447162,0.619257441,0.632027801,0.618216248,0.625230008,0.605242234,0.615629202,0.612942301,0.5998634,0.589521119,0.612193395,0.638339059,0.624034368,0.615949653,0.614041851,0.614041851,0.614041851,0.614041851,0.614041851,0.614041851,0.620911665,0.614041851,0.608257359
Slovenia,SVN,High income,Europe & Central Asia,0.835612599,0.843863098,0.846086395,0.831541738,0.841864261,0.809663918,0.846213241,0.828207817,0.807832812,0.80360432,0.782201664,0.802170101,0.785187544,0.799772514,0.798495376,0.778154539,0.802942256,0.799510733,0.796008581,0.784534469,0.770953121,0.767057643,0.765232853,0.790297841,0.791303922,0.755392506,0.767768577,0.773912331,0.774882353,0.778951051,0.781417461,0.781417461,0.781417461,0.781417461,0.781417461,0.770181364,0.781417461,0.768632193
Sweden,SWE,High income,Europe & Central Asia,0.650051113,0.65840194,0.659552168,0.646447887,0.636986502,0.652183214,0.638552503,0.631620279,0.63526115,0.624282233,0.607290175,0.610473641,0.59855033,0.591485461,0.587394623,0.579673037,0.573988053,0.5659221,0.574564773,0.5667406,0.569495129,0.581580819,0.578058166,0.5709354,0.582107682,0.591667037,0.59663306,0.586476816,0.586046801,0.586162375,0.58642771,0.58642771,0.58642771,0.58642771,0.58642771,0.589397218,0.58642771,0.583939452
Eswatini,SWZ,Lower middle income,Sub-Saharan Africa,0.651941274,0.650054523,0.652867209,0.658098282,0.665391491,0.661564784,0.659198848,0.66983217,0.683425029,0.69654821,0.698073856,0.694315575,0.695178652,0.695394301,0.696178605,0.697662732,0.699777068,0.706008384,0.706131633,0.708620452,0.718946758,0.724832074,0.732040416,0.741925973,0.743666964,0.749178228,0.753527034,0.753816353,0.750297298,0.745983133,0.745983133,0.745983133,0.745983133,0.745983133,0.745983133,0.750560409,0.745983133,0.734054492
Syrian Arab Republic,SYR,Low income,Middle East & North Africa,0.300324737,0.305349238,0.312500038,0.314216473,0.335694105,0.285469221,0.242002062,0.208985402,0.226487487,0.236587215,0.220205488,0.228208415,0.234084498,0.209910983,0.188153629,0.167473106,0.150748874,0.162993554,0.142250006,0.139840259,0.136378859,0.137083251,0.136579165,0.136419641,0.136174156,0.13511499,0.134566752,0.133911154,0.13195878,0.130912505,0.130954106,0.130954106,0.130954106,0.130954106,0.130954106,0.133292836,0.130954106,0.120640093
Chad,TCD,Low income,Sub-Saharan Africa,0.576050248,0.577168127,0.575094627,0.579474884,0.580755614,0.582408753,0.58501073,0.587931594,0.589451118,0.592460495,0.595046339,0.596942153,0.602442617,0.60403222,0.608944516,0.610801853,0.612712853,0.616699976,0.625404052,0.627888885,0.631436393,0.636609045,0.646920476,0.65202036,0.658670756,0.664738548,0.667387628,0.671877822,0.674780136,0.677288119,0.677288119,0.677288119,0.677288119,0.677288119,0.677288119,0.671214451,0.677288119,0.689781598
Togo,TGO,Low income,Sub-Saharan Africa,1.054364564,1.055490749,1.060053279,1.054831787,1.058089321,1.062566887,1.06251454,1.063931418,1.066812679,1.067849912,1.067297024,1.067708274,1.064858032,1.063372085,1.064206843,1.059244233,1.048737631,1.038988731,1.026457566,1.011783837,0.994615324,0.992859043,0.991484283,0.990190155,0.989381327,0.987262379,0.987742588,0.987219566,0.980964652,0.97495479,0.97495479,0.97495479,0.97495479,0.97495479,0.97495479,0.983628795,0.97495479,0.958319936
Thailand,THA,Upper middle income,East Asia & Pacific,0.753673544,0.750592875,0.754399545,0.750314759,0.767935733,0.790327827,0.798726492,0.802865063,0.800604712,0.80556726,0.799041658,0.798258257,0.795970192,0.788510196,0.800905091,0.7847647,0.789139152,0.791083942,0.784278743,0.77926592,0.794245348,0.792313962,0.77316808,0.762297742,0.761130935,0.755838465,0.750971594,0.753373498,0.750248312,0.747605687,0.748234886,0.748234886,0.748234886,0.748234886,0.748234886,0.751607511,0.748234886,0.753043375
Tajikistan,TJK,Low income,Europe & Central Asia,0.456192162,0.450442431,0.448100035,0.443657421,0.438412034,0.434257834,0.435486365,0.439838952,0.443896026,0.448249999,0.456797073,0.465798379,0.475807405,0.488194999,0.479276472,0.470148702,0.462046524,0.455404055,0.453299588,0.464800238,0.476584444,0.491300827,0.50808678,0.524762629,0.542730971,0.562892028,0.558430404,0.556776344,0.560753514,0.565115297,0.565115297,0.565115297,0.565115297,0.565115297,0.565115297,0.560793517,0.565115297,0.577264613
Turkmenistan,TKM,Upper middle income,Europe & Central Asia,0.65897474,0.666214112,0.669254471,0.687957791,0.701141541,0.706205253,0.71197087,0.712637976,0.711353646,0.710764058,0.709854114,0.7099558,0.708495778,0.706923415,0.703816309,0.700685388,0.698047437,0.696213284,0.694116363,0.690350885,0.690826463,0.69030478,0.688530388,0.686869791,0.684469337,0.683812762,0.683064635,0.682726017,0.68243216,0.682409592,0.682409592,0.682409592,0.682409592,0.682409592,0.682409592,0.682889033,0.682409592,0.682841338
Timor-Leste,TLS,Lower middle income,East Asia & Pacific,0.782608124,0.777087998,0.771173186,0.766468679,0.762067936,0.756466283,0.754825265,0.757227518,0.774349514,0.765630308,0.768007243,0.778265822,0.783330252,0.768424165,0.760088376,0.75798113,0.758815653,0.760788145,0.762565373,0.764219324,0.762496422,0.761308604,0.760254549,0.764392606,0.762771132,0.759468242,0.767379939,0.766275163,0.765416092,0.764452996,0.764452996,0.764452996,0.764452996,0.764452996,0.764452996,0.764598486,0.764452996,0.760614037
Tonga,TON,Upper middle income,East Asia & Pacific,1.009670127,1.087597088,1.150504859,1.199802066,1.167283282,1.168800595,1.163437739,1.144058456,1.1250979,1.082054195,1.041588807,1.023111968,1.02210742,1.044616647,1.025633551,1.021290649,1.044808872,1.009508133,0.991856698,0.977025839,0.966288742,0.960708836,0.98193973,0.966845511,0.950577261,0.930948937,0.919828396,0.912621541,0.900771656,0.888659998,0.888659998,0.888659998,0.888659998,0.888659998,0.888659998,0.910566106,0.888659998,0.853279549
Trinidad and Tobago,TTO,High income,Latin America & Caribbean,0.429666874,0.433798344,0.455942378,0.458337104,0.448683794,0.467256748,0.462273629,0.462197516,0.451790935,0.448966589,0.470390374,0.455469877,0.472727776,0.504425861,0.519735326,0.530925606,0.521878004,0.541194492,0.514061726,0.519772015,0.511763897,0.497746684,0.502641557,0.50111727,0.490260235,0.520779964,0.508414687,0.503684092,0.501982431,0.501318684,0.501540367,0.501540367,0.501540367,0.501540367,0.501540367,0.507235972,0.501540367,0.498937638
Tunisia,TUN,Lower middle income,Middle East & North Africa,0.308049913,0.310483781,0.31359604,0.314812104,0.319667666,0.322623217,0.328126251,0.330627635,0.332721316,0.336376652,0.339092962,0.341927461,0.342541935,0.343959166,0.348269158,0.355969502,0.351907402,0.343074189,0.328379596,0.330267254,0.289603949,0.302333149,0.297670989,0.300269184,0.292769561,0.284953957,0.282449354,0.279817939,0.278907435,0.280687604,0.280714392,0.280714392,0.280714392,0.280714392,0.280714392,0.281363258,0.280714392,0.280628502
Turkey,TUR,Upper middle income,Europe & Central Asia,0.419827612,0.417273244,0.341973646,0.407462305,0.406654255,0.414782724,0.385666507,0.401662585,0.413888067,0.386508066,0.417481156,0.463501388,0.462450049,0.399875787,0.414487834,0.429448403,0.433959605,0.432364704,0.442438539,0.465343798,0.470095373,0.474831761,0.484210451,0.486975296,0.492355567,0.489416164,0.49692865,0.497286007,0.493634414,0.497351089,0.51009288,0.51009288,0.51009288,0.51009288,0.51009288,0.494923265,0.51009288,0.516246137
Tanzania,TZA,Lower middle income,Sub-Saharan Africa,0.660449691,0.661535175,0.663518297,0.666172753,0.670665562,0.674400487,0.677555154,0.680036655,0.684790292,0.691183486,0.700411135,0.707543274,0.716430442,0.726718329,0.73600884,0.746877949,0.748968461,0.752383307,0.754549703,0.747089482,0.738363442,0.736131865,0.7313159,0.73135738,0.73412354,0.737372886,0.741334441,0.744732523,0.746496348,0.747450671,0.747450671,0.747450671,0.747450671,0.747450671,0.747450671,0.743477374,0.747450671,0.750431748
Uganda,UGA,Low income,Sub-Saharan Africa,0.64503902,0.647394412,0.650256477,0.654327215,0.65696768,0.659148772,0.66146105,0.662883014,0.664782249,0.665245761,0.664582334,0.66485847,0.667759233,0.677676801,0.685908346,0.689730215,0.691250053,0.694775562,0.69794939,0.699439686,0.703701953,0.707437002,0.676707542,0.681696429,0.686039516,0.689454658,0.695501583,0.703263557,0.707107816,0.710813679,0.710813679,0.710813679,0.710813679,0.710813679,0.710813679,0.701228258,0.710813679,0.719122778
Ukraine,UKR,Lower middle income,Europe & Central Asia,0.835986328,0.829884612,0.824052858,0.821294007,0.823122645,0.807295901,0.801538128,0.792892846,0.778740091,0.775343481,0.780267595,0.781138032,0.780918228,0.774596339,0.751802507,0.749325521,0.751945803,0.747657415,0.762673634,0.753206329,0.740139975,0.722677278,0.722932373,0.703493324,0.680288146,0.680734651,0.682129237,0.674619432,0.667967108,0.666303388,0.667297383,0.667297383,0.667297383,0.667297383,0.667297383,0.674350763,0.667297383,0.6508034
Uruguay,URY,High income,Latin America & Caribbean,0.449231181,0.463723695,0.460213394,0.466735876,0.474961619,0.482022882,0.486021742,0.492361359,0.486269226,0.486894677,0.480426755,0.474998442,0.484411759,0.481702436,0.494208516,0.481197397,0.484708093,0.501527463,0.503641766,0.514097584,0.513309227,0.507404,0.508319109,0.512618647,0.519805866,0.513960547,0.512094416,0.50560034,0.500469112,0.496095165,0.496933505,0.496933505,0.496933505,0.496933505,0.496933505,0.505643916,0.496933505,0.488956814
United States,USA,High income,North America,0.550901454,0.553950648,0.554218744,0.562134402,0.561291345,0.56219493,0.564158087,0.562046068,0.560878572,0.558043861,0.561638233,0.558141078,0.560482989,0.553124918,0.552904687,0.552972281,0.547344821,0.551066686,0.552699584,0.55338678,0.550664943,0.549587442,0.541571965,0.542635702,0.543105667,0.544944468,0.544732075,0.553436516,0.549980858,0.546271677,0.545985666,0.545985666,0.545985666,0.545985666,0.545985666,0.547873119,0.545985666,0.545212684
Uzbekistan,UZB,Lower middle income,Europe & Central Asia,0.653111828,0.658884082,0.661858719,0.665015851,0.664978895,0.665448403,0.665473217,0.665187391,0.667812848,0.668837837,0.669473836,0.670153496,0.671147339,0.670777175,0.671258357,0.672084912,0.672902811,0.673618375,0.674945552,0.674850837,0.675343045,0.675129961,0.675473481,0.675279306,0.675795453,0.675748709,0.675190258,0.675581971,0.676083923,0.677042328,0.677042328,0.677042328,0.677042328,0.677042328,0.677042328,0.675929438,0.677042328,0.679883229
St. Vincent and the Grenadines,VCT,Upper middle income,Latin America & Caribbean,0.462427985,0.469806443,0.479844306,0.479100412,0.486773136,0.491389885,0.496050902,0.504145925,0.506848406,0.505337458,0.50802731,0.511472948,0.522317792,0.528408127,0.52884077,0.537886208,0.543758515,0.541778721,0.535285853,0.526904678,0.521351432,0.520450827,0.521528141,0.520673658,0.519854135,0.521303407,0.521816036,0.525552285,0.525877174,0.526007567,0.526007567,0.526007567,0.526007567,0.526007567,0.526007567,0.524111294,0.526007567,0.528077104
"Venezuela, RB",VEN,Upper middle income,Latin America & Caribbean,0.436594966,0.443132617,0.439028989,0.431012875,0.4184288,0.410905015,0.403211969,0.402639002,0.396940074,0.414717298,0.404412131,0.383524812,0.376084048,0.393722054,0.418925027,0.420871228,0.425140126,0.426788433,0.430307242,0.421255358,0.417552741,0.416645473,0.410739039,0.406586577,0.401658393,0.390646882,0.380480677,0.369576971,0.369925738,0.370659503,0.370659503,0.370659503,0.370659503,0.370659503,0.370659503,0.376257954,0.370659503,0.365705877
Virgin Islands (U.S.),VIR,High income,Latin America & Caribbean,0.595129346,0.59155512,0.58660294,0.583700826,0.58107856,0.572715467,0.573257041,0.580215475,0.581145669,0.583699199,0.582137455,0.581948811,0.58120581,0.581913555,0.585117139,0.58645285,0.591995818,0.592430992,0.582799749,0.583460877,0.579605956,0.575459542,0.571857082,0.567045187,0.568869886,0.569958066,0.566710705,0.566612421,0.567717182,0.56857617,0.56857617,0.56857617,0.56857617,0.56857617,0.56857617,0.567914909,0.56857617,0.568545528
Vietnam,VNM,Lower middle income,East Asia & Pacific,0.856031166,0.855484298,0.856482648,0.856056609,0.854056178,0.853647295,0.855606967,0.839213732,0.84886492,0.844081998,0.843026318,0.848049461,0.83731989,0.841964274,0.849542043,0.857695666,0.85684445,0.859696543,0.862900863,0.850496716,0.847986553,0.85675537,0.86035161,0.863932943,0.862235316,0.87146661,0.875031922,0.878713039,0.881156704,0.88359599,0.880792699,0.880792699,0.880792699,0.880792699,0.880792699,0.877992853,0.880792699,0.883730978
Vanuatu,VUT,Lower middle income,East Asia & Pacific,0.603814135,0.603913546,0.604524433,0.602789122,0.605223668,0.605439679,0.605646005,0.608244938,0.609681034,0.610940992,0.614578536,0.616619509,0.616786275,0.617966946,0.619404703,0.619498081,0.620235909,0.61966329,0.620689921,0.62115312,0.621441395,0.621967828,0.623309365,0.624804742,0.627008885,0.628463483,0.629032922,0.629815499,0.630621405,0.631095861,0.631095861,0.631095861,0.631095861,0.631095861,0.631095861,0.629805834,0.631095861,0.632714124
Samoa,WSM,Upper middle income,East Asia & Pacific,0.872280149,0.868505395,0.863010922,0.867302356,0.846955848,0.830732746,0.827992237,0.807517643,0.794459107,0.77639877,0.747471345,0.757249384,0.75732031,0.766834834,0.767930149,0.770616785,0.740556536,0.732334172,0.741946203,0.7240703,0.712966225,0.697223078,0.695262177,0.687966344,0.678927866,0.668003151,0.662204571,0.652778045,0.645336967,0.636905566,0.636905566,0.636905566,0.636905566,0.636905566,0.636905566,0.65304566,0.636905566,0.615622071
"Yemen, Rep.",YEM,Low income,Middle East & North Africa,0.184202447,0.186203345,0.186931413,0.190179168,0.210479479,0.232578129,0.255654582,0.279437151,0.302426182,0.284951017,0.267157103,0.248890268,0.230143467,0.211693281,0.196378009,0.181875535,0.168025502,0.155010168,0.142352738,0.130417279,0.11854163,0.10582008,0.094872672,0.084561214,0.084855584,0.083765296,0.082934464,0.082894728,0.081570984,0.080159476,0.080159476,0.080159476,0.080159476,0.080159476,0.080159476,0.082264989,0.080159476,0.075926105
South Africa,ZAF,Upper middle income,Sub-Saharan Africa,0.446039136,0.451360172,0.452976388,0.458684613,0.46769262,0.473768229,0.48334154,0.49157602,0.496182433,0.505004394,0.508760199,0.476864982,0.496127438,0.506354393,0.501629814,0.499237398,0.513753159,0.558241165,0.562790978,0.566252069,0.565261828,0.561466043,0.567688045,0.561024641,0.58297423,0.563450729,0.577346733,0.587834801,0.582277635,0.576554322,0.578035113,0.578035113,0.578035113,0.578035113,0.578035113,0.577492844,0.578035113,0.5911757
Zambia,ZMB,Lower middle income,Sub-Saharan Africa,0.595938277,0.612681452,0.632030946,0.641772027,0.638896635,0.643392043,0.653907195,0.660966448,0.664147606,0.671820653,0.667917166,0.663985896,0.658017169,0.654253588,0.650984541,0.644710626,0.641949726,0.640649304,0.65694215,0.673977647,0.693204239,0.711855916,0.718711586,0.723898611,0.727250525,0.730446717,0.733028729,0.739284586,0.74312795,0.748502324,0.748502324,0.748502324,0.748502324,0.748502324,0.748502324,0.738878061,0.748502324,0.763848231
Zimbabwe,ZWE,Lower middle income,Sub-Saharan Africa,0.688048273,0.688412163,0.689966144,0.695664949,0.699613462,0.70359234,0.705147791,0.693344389,0.682334932,0.685980974,0.693443161,0.694852406,0.693477317,0.696567897,0.692997165,0.689727521,0.688738138,0.683422461,0.686172431,0.693807092,0.694934734,0.693302851,0.686742314,0.68342771,0.682346192,0.681021277,0.683827375,0.688926443,0.688161403,0.689151727,0.689151727,0.689151727,0.689151727,0.689151727,0.689151727,0.686217645,0.689151727,0.693717193
