Country Name,IncomeGroup,Region,1991,1992,1993,1994,1995,1996,1997,1998,1999,2000,2001,2002,2003,2004,2005,2006,2007,2008,2009,2010,2011,2012,2013,2014,2015,2016,2017,2018,2019,2020
Afghanistan,Low income,South Asia,0.422184458,0.423696678,0.422871833,0.42639098,0.427419485,0.415216592,0.413734119,0.412487174,0.411145626,0.409526217,0.406040671,0.410019924,0.393857631,0.382716651,0.38197183,0.3784487,0.38761828,0.386845569,0.399076109,0.405884259,0.420967419,0.43408902,0.447252354,0.46249427,0.478059312,0.501715998,0.522530814,0.529997754,0.53471152,0.538213688
Angola,Lower middle income,Sub-Saharan Africa,0.681529252,0.680184714,0.67889859,0.67764307,0.67993517,0.68172507,0.685604242,0.687661972,0.688316891,0.69012109,0.693829994,0.695362084,0.696623424,0.694414698,0.69253356,0.692002836,0.69130938,0.690915298,0.69283808,0.678655182,0.681485715,0.679650537,0.681216904,0.683989904,0.687665824,0.690483967,0.690729781,0.69296973,0.695403536,0.697467447
Albania,Upper middle income,Europe & Central Asia,0.735347782,0.730247393,0.722558738,0.722607084,0.717747146,0.713894538,0.720066366,0.711622272,0.70632112,0.706844814,0.705234669,0.70832132,0.712607956,0.715555256,0.719012131,0.725540121,0.731221187,0.678090576,0.669164652,0.707880869,0.736681042,0.713398158,0.736765274,0.769902122,0.813831926,0.825798684,0.838532148,0.842364186,0.843602574,0.844545876
United Arab Emirates,High income,Middle East & North Africa,0.724573341,0.727122866,0.730494752,0.730396218,0.730181852,0.732204549,0.735029064,0.738019938,0.739542707,0.741001506,0.739456849,0.737506786,0.736541138,0.734895403,0.73435236,0.741656317,0.748839595,0.755768001,0.760816752,0.761194494,0.761320038,0.763037458,0.76644318,0.770746097,0.776585318,0.778797282,0.775834885,0.773725219,0.772782492,0.772094321
Argentina,Upper middle income,Latin America & Caribbean,0.819471865,0.827471395,0.817587192,0.814568092,0.81734317,0.813189213,0.815332893,0.819448297,0.814360659,0.812036333,0.815424244,0.816169862,0.812013344,0.814944347,0.813747171,0.816237013,0.815155248,0.813400399,0.813998193,0.808936355,0.810644884,0.809227937,0.810227489,0.808308295,0.808628798,0.809754111,0.811978781,0.813112241,0.811314113,0.809569867
Armenia,Upper middle income,Europe & Central Asia,0.73923374,0.733584563,0.734141463,0.737214886,0.733848724,0.728793626,0.72756254,0.735019701,0.736742378,0.739812791,0.742158941,0.744776935,0.747615017,0.749963686,0.753113914,0.755178622,0.757308401,0.755517668,0.748992794,0.701524047,0.745833907,0.750030504,0.724828462,0.770528916,0.784532021,0.798319165,0.803658749,0.80569852,0.806258983,0.80747625
Australia,High income,East Asia & Pacific,0.849048109,0.851776593,0.853375381,0.8552485,0.857417045,0.85810524,0.857128701,0.858555729,0.85904889,0.866872815,0.866899722,0.869100163,0.872219504,0.870254875,0.873711578,0.877614306,0.876315376,0.878923677,0.882037495,0.877527987,0.877207959,0.876508852,0.877742797,0.878324016,0.874129816,0.878688172,0.880882126,0.886404782,0.886030018,0.885820341
Austria,High income,Europe & Central Asia,0.83268528,0.838577095,0.840821989,0.853245425,0.854189802,0.845295996,0.848081714,0.852279243,0.854010477,0.861559817,0.859384847,0.869048661,0.871498703,0.871827271,0.878910188,0.884093814,0.87888246,0.878816108,0.880038997,0.882565796,0.891124496,0.89555033,0.895597805,0.898412999,0.899307776,0.900525279,0.894111592,0.894865841,0.894168884,0.893255192
Azerbaijan,Upper middle income,Europe & Central Asia,0.751224188,0.749702528,0.751427723,0.756730493,0.757890734,0.75795675,0.754144754,0.751989939,0.749078282,0.754899477,0.774877942,0.812576554,0.825013599,0.836127496,0.850950701,0.779012155,0.793250692,0.825698921,0.777462739,0.78237225,0.7949245,0.784537409,0.782759045,0.786524251,0.784280137,0.784805995,0.783701012,0.785302698,0.788845011,0.791573499
Burundi,Low income,Sub-Saharan Africa,0.577382255,0.578135323,0.578400958,0.578290472,0.57933436,0.58061011,0.580447794,0.579992315,0.580720551,0.581144321,0.582568152,0.58471156,0.587967635,0.591219757,0.590100049,0.591526227,0.591101734,0.593571028,0.594425223,0.596110172,0.597011697,0.597798862,0.600089255,0.600433528,0.600028732,0.599516756,0.599804363,0.600416718,0.60093305,0.601556021
Belgium,High income,Europe & Central Asia,0.817638647,0.8220817,0.827748136,0.828340373,0.82296683,0.823654189,0.828573877,0.832919752,0.830119557,0.837389196,0.828221638,0.836461752,0.838487308,0.848408561,0.850037124,0.855496637,0.857503141,0.864071395,0.862174444,0.864556516,0.866582671,0.860146397,0.86883427,0.869437225,0.873915257,0.870930569,0.864968239,0.871792871,0.872010877,0.871782681
Benin,Lower middle income,Sub-Saharan Africa,0.81116698,0.811506534,0.817352639,0.823029831,0.829389072,0.837387868,0.844320533,0.852623741,0.860151369,0.867940093,0.875842379,0.886143027,0.891588138,0.89951401,0.905728184,0.911999873,0.916923754,0.922132449,0.927177258,0.931395376,0.920481915,0.920946822,0.920709214,0.921033282,0.921894313,0.925395499,0.925302087,0.925686339,0.926112418,0.926485132
Burkina Faso,Low income,Sub-Saharan Africa,1.142882225,1.141983199,1.140561768,1.138560127,1.130828547,1.123240484,1.108997084,1.101886694,1.078243919,1.063820274,1.060485639,1.046971495,1.029633212,1.010889213,0.997687492,0.976447749,0.962827585,0.961880599,0.950121331,0.940793091,0.932166805,0.927280708,0.922474684,0.91880669,0.916740796,0.914492293,0.913470363,0.912822391,0.911242596,0.9097671
Bangladesh,Lower middle income,South Asia,0.316658571,0.332623216,0.351484827,0.37328237,0.397205342,0.424015643,0.432415906,0.441554854,0.453139939,0.467759506,0.466303859,0.46900185,0.474902247,0.480518365,0.486514169,0.497015023,0.484304533,0.47319209,0.463902001,0.458678926,0.467739459,0.476917626,0.486273511,0.499910003,0.513190929,0.527958005,0.573056096,0.579722765,0.585627344,0.591474628
Bulgaria,Upper middle income,Europe & Central Asia,1.01316327,1.011151378,1.003683028,0.995955572,0.988402836,0.980614825,0.972719097,0.964363885,0.953600455,0.943571743,0.956543588,0.953815895,0.947262863,0.945515122,0.934988964,0.937732163,0.937543744,0.932492493,0.930707066,0.928958672,0.933084936,0.937426566,0.934818154,0.934171954,0.932373197,0.926030891,0.926168945,0.923411901,0.921999051,0.921009877
Bahrain,High income,Middle East & North Africa,0.673874646,0.676505873,0.679492685,0.683264694,0.687233969,0.69070823,0.694648297,0.697981638,0.701809255,0.707047697,0.71322878,0.716929921,0.719125206,0.725077193,0.728991145,0.737424872,0.745807615,0.754854725,0.75787868,0.762382625,0.757550077,0.757745452,0.758698161,0.76073124,0.761646083,0.762997656,0.764698411,0.765159385,0.763810673,0.762396073
"Bahamas, The",High income,Latin America & Caribbean,0.859332289,0.865174128,0.853181765,0.846490541,0.846974925,0.846821708,0.843469117,0.8550734,0.87593319,0.882389045,0.887028132,0.877315218,0.866870588,0.875331911,0.879535532,0.877222719,0.873040829,0.862144878,0.872919217,0.870880025,0.866584993,0.872112574,0.867343603,0.862932943,0.856548076,0.85047143,0.850902537,0.857690413,0.853061499,0.850513348
Bosnia and Herzegovina,Upper middle income,Europe & Central Asia,0.790357806,0.791130198,0.792102522,0.790894126,0.790967538,0.786314882,0.795356828,0.797704556,0.794946949,0.793754993,0.794646191,0.794412136,0.795355462,0.796987049,0.789140618,0.792143055,0.79654545,0.801991363,0.777411603,0.79141676,0.801753659,0.804070168,0.820343633,0.823378292,0.829691841,0.823282822,0.833126434,0.831081199,0.831149121,0.83144611
Belarus,Upper middle income,Europe & Central Asia,0.964880801,0.96692083,0.968007752,0.968220596,0.970701726,0.972075446,0.970829605,0.970408272,0.971500941,0.971849339,0.97170284,0.972520073,0.972008612,0.972446152,0.97266292,0.972817573,0.972857441,0.973359451,0.971933532,0.971252836,0.971597319,0.970700325,0.968372202,0.966929165,0.964504875,0.972338818,0.967159601,0.963159396,0.960991536,0.958894618
Belize,Upper middle income,Latin America & Caribbean,0.865731873,0.871537546,0.875769188,0.860372579,0.875383665,0.919401931,0.948429499,0.881334866,0.904989679,0.897215053,0.894338656,0.890869753,0.881346952,0.875830558,0.869402535,0.868648384,0.868676414,0.865127163,0.861657649,0.857820334,0.855350106,0.851127235,0.847724857,0.840100272,0.838777404,0.848892809,0.843311101,0.843978544,0.845102274,0.845683589
Bolivia,Lower middle income,Latin America & Caribbean,0.756237126,0.75829844,0.759928805,0.762003598,0.764083864,0.766303976,0.767232775,0.769885374,0.773091006,0.809465357,0.807289093,0.840255753,0.804733178,0.798428687,0.796194334,0.812821333,0.784410154,0.80435753,0.807037769,0.809437833,0.813204068,0.809986805,0.814706514,0.827743886,0.814041677,0.841915482,0.821924398,0.830270414,0.829757167,0.829646182
Brazil,Upper middle income,Latin America & Caribbean,0.834073947,0.842592229,0.848708239,0.854490161,0.860248262,0.863304926,0.863510928,0.863762164,0.871384435,0.862428975,0.855111155,0.859124823,0.865937727,0.873725414,0.87259138,0.872956116,0.874059667,0.87431801,0.879531791,0.872963802,0.86974832,0.885259521,0.884656133,0.88390899,0.886717371,0.883007332,0.882868534,0.882639494,0.880077404,0.877229919
Barbados,High income,Latin America & Caribbean,0.871702209,0.876151412,0.871404895,0.857723305,0.873602255,0.881307604,0.875106371,0.873407325,0.885946421,0.885038665,0.88116272,0.881429515,0.88201496,0.879524896,0.874150901,0.874099835,0.874749509,0.874662609,0.888319778,0.898155118,0.890032843,0.890172013,0.903197831,0.914391082,0.915179264,0.907143738,0.909168942,0.908991528,0.907507933,0.906291966
Brunei Darussalam,High income,East Asia & Pacific,0.752673585,0.75850193,0.763751924,0.76917731,0.776510487,0.781705304,0.787686986,0.793646263,0.797885558,0.804163301,0.808644491,0.809212252,0.810086045,0.811622265,0.813511821,0.815986554,0.818510761,0.822370367,0.824449592,0.826459403,0.829369544,0.832875754,0.837256051,0.841678978,0.842159126,0.843537555,0.845256681,0.845198459,0.845543006,0.845103569
Bhutan,Lower middle income,South Asia,0.689794803,0.686469371,0.688205307,0.685215867,0.68805637,0.692864785,0.700029301,0.702827336,0.701000482,0.687548922,0.676981046,0.678970623,0.689478733,0.693079231,0.704726997,0.722606835,0.754628068,0.791322506,0.801006567,0.815048981,0.731670545,0.747344419,0.695805422,0.652417595,0.720404462,0.715624673,0.715832808,0.720216327,0.721009447,0.721323918
Botswana,Upper middle income,Sub-Saharan Africa,0.845583339,0.849435941,0.851719919,0.857320398,0.85679161,0.856613086,0.862459024,0.878136121,0.860313303,0.848716971,0.865208108,0.888971122,0.917195073,0.912469029,0.905505327,0.898917468,0.893201897,0.886504949,0.881568827,0.877067036,0.87813663,0.882355221,0.886024858,0.886894743,0.887824599,0.886709256,0.888214691,0.888262467,0.887928443,0.886536928
Central African Republic,Low income,Sub-Saharan Africa,0.614204221,0.614389014,0.614772097,0.61519997,0.618334959,0.620607026,0.622145982,0.624180913,0.62411787,0.625760792,0.627197714,0.628644795,0.630684986,0.63191308,0.632639753,0.632689055,0.633383311,0.63385902,0.635439608,0.637132488,0.637528763,0.637402649,0.629847529,0.626186826,0.628106088,0.631941289,0.635165599,0.639217926,0.640691725,0.642072933
Canada,High income,North America,0.878608691,0.879066363,0.875375864,0.873040674,0.875838107,0.875807271,0.877838667,0.882267092,0.884359341,0.885716706,0.88829219,0.891140505,0.895112708,0.8972352,0.895139685,0.894552482,0.896654692,0.89573453,0.897700699,0.895513175,0.893083508,0.894803697,0.894323861,0.891385336,0.887588792,0.889683659,0.888236932,0.888497148,0.888044455,0.887949856
Switzerland,High income,Europe & Central Asia,0.854932859,0.853174011,0.848963362,0.84871912,0.855463551,0.857061994,0.855054655,0.857306338,0.861362957,0.860535037,0.864619413,0.866984054,0.863829275,0.865795384,0.868023006,0.869110129,0.86702564,0.878805505,0.874840381,0.871897644,0.871518888,0.871471569,0.877228006,0.879896139,0.874720993,0.876383434,0.874756972,0.876678171,0.877474438,0.877670886
Channel Islands,High income,Europe & Central Asia,0.875972523,0.876393149,0.877971012,0.883720186,0.882815816,0.880373292,0.882501287,0.886070871,0.891611843,0.892677527,0.89224257,0.894490824,0.8941208,0.889700736,0.888922454,0.890274874,0.889212377,0.886548772,0.882499665,0.884197149,0.874059127,0.874628231,0.875927054,0.875644322,0.876786906,0.877511396,0.875911253,0.873364707,0.871763916,0.870472701
Chile,High income,Latin America & Caribbean,0.853417305,0.846828767,0.840494487,0.837184847,0.838295884,0.838563289,0.842166116,0.832172479,0.827732378,0.83218049,0.821908251,0.819828403,0.827253102,0.826388534,0.826420172,0.820469056,0.822479743,0.827523946,0.828722135,0.830132067,0.83418746,0.837711951,0.84093519,0.844571506,0.842612453,0.843660915,0.843387796,0.848431904,0.848323706,0.847127517
China,Upper middle income,East Asia & Pacific,0.977277778,0.975646548,0.973261967,0.972287828,0.971464646,0.970417891,0.968252446,0.966354533,0.963630846,0.959952275,0.955882273,0.949426674,0.94490663,0.945293556,0.942682124,0.940182644,0.938314007,0.935454997,0.933091831,0.931155373,0.930942246,0.931486514,0.930626112,0.929530405,0.927226134,0.925555029,0.922817983,0.921121169,0.918551914,0.916237264
CÃ´te d'Ivoire,Lower middle income,Sub-Saharan Africa,0.71740839,0.719239858,0.721356895,0.723261271,0.722958045,0.721625399,0.722432745,0.722378679,0.725230318,0.730544298,0.734882252,0.740337348,0.746077884,0.750116296,0.753788524,0.758083854,0.762272808,0.766761445,0.770904739,0.776262334,0.786708936,0.782918323,0.793513241,0.795175545,0.802170436,0.813311125,0.840462784,0.838476848,0.838004007,0.838399895
Cameroon,Lower middle income,Sub-Saharan Africa,0.713967883,0.714963713,0.717182847,0.717921848,0.718187797,0.718955769,0.720597385,0.723028219,0.725701216,0.730420819,0.740369353,0.726578909,0.720145554,0.717974389,0.721986936,0.726909237,0.734029569,0.730414195,0.727452612,0.722916116,0.726600293,0.730487197,0.734761617,0.740045967,0.744512887,0.748209133,0.751703255,0.754801241,0.756300963,0.757428451
"Congo, Dem. Rep.",Low income,Sub-Saharan Africa,0.649371802,0.645908007,0.643311457,0.641594062,0.641069632,0.640919432,0.639551588,0.638975709,0.635423692,0.633780363,0.633459822,0.631796488,0.633234391,0.634231491,0.635456208,0.636426769,0.637815529,0.638773041,0.640048599,0.639405491,0.640123013,0.641311796,0.64412233,0.64763278,0.651756014,0.654608259,0.657434215,0.661196198,0.663049587,0.664560425
"Congo, Rep.",Lower middle income,Sub-Saharan Africa,0.787786342,0.789624685,0.79231835,0.795246226,0.795603067,0.797316542,0.801084211,0.801914884,0.805599147,0.803310598,0.805012832,0.805674552,0.808385999,0.809081493,0.807878188,0.807811934,0.811026861,0.808321588,0.80632298,0.808002112,0.810537522,0.810637105,0.810371503,0.810390597,0.811848994,0.817083492,0.82049561,0.822720593,0.822964403,0.824075667
Colombia,Upper middle income,Latin America & Caribbean,0.958829969,0.958364723,0.959802267,0.957467342,0.962149909,0.960996441,0.961066973,0.960934782,0.962277718,0.957701762,0.960240835,0.953730313,0.948632317,0.94176252,0.933418839,0.924436252,0.916443929,0.914505517,0.917417365,0.91635691,0.908827764,0.903886143,0.901438523,0.900864087,0.899366367,0.898311569,0.904413262,0.909144255,0.907470765,0.907021489
Comoros,Lower middle income,Sub-Saharan Africa,0.622857146,0.62262759,0.62340389,0.623367746,0.625054787,0.626449183,0.628280069,0.630511162,0.632930205,0.637657678,0.639441547,0.642655006,0.646154286,0.649251392,0.652050405,0.6559673,0.658805904,0.661185966,0.664487981,0.66764512,0.67021342,0.671958482,0.67470351,0.676786381,0.678721251,0.680657178,0.683159438,0.685888754,0.687430988,0.68874117
Cabo Verde,Lower middle income,Sub-Saharan Africa,0.775737338,0.777714933,0.779887873,0.78137775,0.783493442,0.785974045,0.788378327,0.790908724,0.793164951,0.796840553,0.799340503,0.8014088,0.803141022,0.804947081,0.806933975,0.80753186,0.80880218,0.810779017,0.81238275,0.812166329,0.815732438,0.81995129,0.824086031,0.828196127,0.831889401,0.837989017,0.84500109,0.847509787,0.849189808,0.850851081
Costa Rica,Upper middle income,Latin America & Caribbean,0.85511444,0.854142659,0.841530622,0.845793985,0.845444243,0.841678422,0.842609139,0.854822125,0.849151395,0.847926262,0.85358382,0.843485922,0.835260027,0.822067323,0.833914683,0.834672669,0.830837675,0.83396588,0.829446972,0.827861918,0.824312694,0.835371449,0.827027738,0.832083075,0.842029216,0.825685793,0.827023878,0.835988516,0.834759229,0.834428001
Cuba,Upper middle income,Latin America & Caribbean,0.92276922,0.922947187,0.919359415,0.901016126,0.87923809,0.876033525,0.878865525,0.882594806,0.882623411,0.887543019,0.886851971,0.884143082,0.882803966,0.882072565,0.882904784,0.882767617,0.883404296,0.879675889,0.883893065,0.881057097,0.90124488,0.928951152,0.910397662,0.899544771,0.90710221,0.912754274,0.917224497,0.913473622,0.910201023,0.90731577
Cyprus,High income,Europe & Central Asia,0.853584807,0.860768684,0.84942466,0.860812975,0.851123137,0.849947623,0.860342628,0.855391864,0.850042373,0.851182644,0.865449698,0.870434402,0.879769592,0.874075138,0.869617353,0.86862306,0.883970632,0.888628849,0.882286041,0.884727178,0.889607453,0.879263869,0.875069692,0.888968269,0.873907306,0.873807415,0.867704653,0.859004872,0.857129903,0.856679138
Czech Republic,High income,Europe & Central Asia,0.958030774,0.953789173,0.948671276,0.94271573,0.939141261,0.936771713,0.939875782,0.939238566,0.939756182,0.938954936,0.938254396,0.936888154,0.938454891,0.935809204,0.930809404,0.929642739,0.93130604,0.928828861,0.923871158,0.924722099,0.927258526,0.929258249,0.924730918,0.930149123,0.933511418,0.932071145,0.934009512,0.935477182,0.935865594,0.93600325
Germany,High income,Europe & Central Asia,0.871585401,0.872940937,0.872027368,0.876482481,0.877443919,0.881919801,0.883779138,0.884943566,0.889157663,0.889975989,0.890058695,0.893725225,0.895268709,0.897202337,0.888817452,0.892248223,0.894996969,0.892229814,0.896308729,0.896243415,0.899515084,0.899934464,0.900725345,0.903318287,0.904059554,0.902831202,0.903571633,0.902498652,0.901189753,0.900366392
Djibouti,Lower middle income,Middle East & North Africa,0.709425847,0.710115259,0.714340306,0.715734323,0.717932823,0.720763768,0.722005328,0.722840854,0.724227877,0.727873019,0.729889223,0.732589696,0.736219069,0.740266624,0.74406166,0.748615782,0.753587872,0.758295017,0.765584526,0.771274178,0.773573407,0.777004301,0.778737443,0.780437563,0.782246632,0.783750538,0.78665152,0.789378867,0.790132592,0.791051879
Denmark,High income,Europe & Central Asia,0.925689624,0.927324798,0.927541837,0.906301683,0.894948584,0.893178382,0.898855015,0.908179433,0.910633275,0.908662379,0.913874837,0.900598696,0.894157916,0.900866426,0.904745273,0.903685024,0.906987916,0.906370234,0.900024725,0.896755144,0.897100954,0.898465833,0.898845161,0.894143136,0.890931465,0.892006725,0.889215451,0.887893938,0.88639224,0.885023139
Dominican Republic,Upper middle income,Latin America & Caribbean,0.935001437,0.918099867,0.92636611,0.92405865,0.933958571,0.933363768,0.952610362,0.933221007,0.937108413,0.927635266,0.909538978,0.925719905,0.930500981,0.918960703,0.914686278,0.925511632,0.908520537,0.914934321,0.904100112,0.907744628,0.919649894,0.921438715,0.900201821,0.918830119,0.904614078,0.892543405,0.921693224,0.924219692,0.923854924,0.923220612
Algeria,Lower middle income,Middle East & North Africa,0.75308433,0.751785861,0.751016023,0.749410675,0.746784216,0.744755553,0.742004654,0.738579599,0.73602294,0.731317551,0.725719296,0.725084235,0.724673975,0.723922946,0.721163826,0.720708494,0.718774729,0.718665701,0.718964981,0.716823479,0.722166099,0.722849169,0.719238462,0.714989446,0.714248296,0.711763222,0.710446921,0.707863516,0.706559468,0.705703462
Ecuador,Upper middle income,Latin America & Caribbean,0.786691997,0.789809534,0.785313161,0.792063483,0.791259125,0.796191152,0.802099532,0.796194119,0.798338802,0.79367495,0.789779131,0.79585909,0.802753662,0.789209267,0.796035286,0.787914449,0.800373243,0.805774227,0.810903433,0.813663014,0.804202258,0.809151834,0.798719987,0.785819071,0.783001192,0.78762022,0.788431188,0.78406318,0.785786084,0.786689711
"Egypt, Arab Rep.",Lower middle income,Middle East & North Africa,0.537987694,0.549360209,0.560681688,0.552929304,0.586052445,0.582278524,0.573345116,0.613717635,0.645324522,0.567465618,0.640738369,0.667934498,0.566847808,0.510719622,0.506196752,0.53938326,0.524444671,0.529897834,0.51943009,0.535746519,0.534344092,0.569384221,0.533780821,0.530202967,0.533721716,0.577149883,0.580380867,0.584996164,0.591318632,0.597367702
Eritrea,Low income,Sub-Saharan Africa,0.644391487,0.642739471,0.640757238,0.640816915,0.639912489,0.641097524,0.646168006,0.651337578,0.653179589,0.652401148,0.657181859,0.664776896,0.670945789,0.679923092,0.687462113,0.688921931,0.688011912,0.680796324,0.679739719,0.680757077,0.677611832,0.677753655,0.675116043,0.674946932,0.673257817,0.674649941,0.67492145,0.67577822,0.678527234,0.680023071
Spain,High income,Europe & Central Asia,0.778759612,0.784664286,0.78896335,0.796310604,0.798330129,0.802539426,0.811286606,0.815030904,0.822104127,0.828553061,0.833658637,0.844314636,0.849404335,0.85668105,0.861106284,0.868384624,0.87431375,0.876920763,0.874039499,0.873161647,0.872165213,0.877133058,0.877146138,0.873973233,0.874134723,0.873162912,0.875417602,0.875206665,0.873646107,0.872615318
Estonia,High income,Europe & Central Asia,0.981803563,0.970319009,0.946708882,0.933076877,0.925617913,0.929050597,0.93592232,0.932343174,0.922379862,0.951998716,0.944337631,0.92640472,0.925164016,0.952055416,0.955478414,0.949214685,0.955803948,0.94662038,0.94418221,0.945453493,0.956074869,0.947984153,0.937176354,0.922761644,0.925858717,0.923641625,0.924972032,0.923780536,0.922635971,0.921098941
Ethiopia,Low income,Sub-Saharan Africa,1.230233645,1.237364918,1.229806089,1.225077819,1.22681731,1.224979459,1.230783218,1.227534355,1.223789508,1.196012443,1.164214014,1.131557004,1.105743266,1.080513419,1.055712918,1.048842415,1.04200113,1.043241568,1.042722909,1.038537332,1.040120109,1.050501925,1.057544243,1.053308374,1.051038982,1.048481731,1.049808646,1.052878116,1.054072076,1.055227341
Finland,High income,Europe & Central Asia,0.954590208,0.954876038,0.951579187,0.946427911,0.952967533,0.954330814,0.951955047,0.953935606,0.942682803,0.946235744,0.938821871,0.942618002,0.94194888,0.938917682,0.939619106,0.94045656,0.943407412,0.9365296,0.943161679,0.930313708,0.92735244,0.930763573,0.933111704,0.930540901,0.930271771,0.924772001,0.919821355,0.920367827,0.92032694,0.919081835
Fiji,Upper middle income,East Asia & Pacific,0.759931817,0.760848887,0.761281107,0.762119647,0.761941034,0.762612311,0.760843091,0.760388525,0.760054241,0.758063248,0.755694773,0.75524628,0.754724339,0.753336487,0.752340727,0.758204916,0.763990918,0.766943279,0.771091969,0.774580897,0.778793671,0.762217546,0.747193607,0.734359078,0.726869506,0.721774895,0.723128049,0.72357789,0.726001969,0.728358185
France,High income,Europe & Central Asia,0.861488218,0.862507859,0.866823433,0.869298198,0.870677053,0.871991064,0.871740363,0.873655394,0.875102152,0.875946433,0.873941827,0.875512267,0.88203369,0.878084276,0.88223943,0.886649,0.886873076,0.882435073,0.885957205,0.886048667,0.886142797,0.885827479,0.88713504,0.885027234,0.884207517,0.885156744,0.882286264,0.8846613,0.88495884,0.885170334
Gabon,Upper middle income,Sub-Saharan Africa,0.51556828,0.51756067,0.51653358,0.520213925,0.522884012,0.52663279,0.530220524,0.535566154,0.544139526,0.548037686,0.553799427,0.560909057,0.567062025,0.57322434,0.579128111,0.586847151,0.592021561,0.599075762,0.604980543,0.606960825,0.609992779,0.613114809,0.615460706,0.618456554,0.621761869,0.622966858,0.624794205,0.625813713,0.628290358,0.63089711
United Kingdom,High income,Europe & Central Asia,0.883748004,0.889483726,0.893557635,0.887385039,0.884941406,0.887476979,0.884815365,0.88195125,0.882101267,0.877358078,0.87774925,0.878890592,0.874533433,0.873692196,0.874348224,0.874820263,0.874292043,0.87340754,0.868480774,0.867246573,0.867813196,0.867301245,0.868262837,0.871659891,0.869319635,0.869871026,0.872077232,0.870580498,0.870810625,0.870128446
Georgia,Upper middle income,Europe & Central Asia,0.844452051,0.851341372,0.859735082,0.854436281,0.840162125,0.824379801,0.81462033,0.812937444,0.808662413,0.747669359,0.838991999,0.802052115,0.802950966,0.806067405,0.795134958,0.793744587,0.772624594,0.766634906,0.77436174,0.803314997,0.783225791,0.764316436,0.783394877,0.784657421,0.789373949,0.821435071,0.793895656,0.798342965,0.80167669,0.803842979
Ghana,Lower middle income,Sub-Saharan Africa,0.938285037,0.939348135,0.939578615,0.94102642,0.942327341,0.942831794,0.943631599,0.944909575,0.946293854,0.944865335,0.940917967,0.936745795,0.93180374,0.927507189,0.92360256,0.920831246,0.913251441,0.900892592,0.893502695,0.883487709,0.872510907,0.866803253,0.861125136,0.902698551,0.945596257,0.940207088,0.937630994,0.940889695,0.938311268,0.936940983
Guinea,Low income,Sub-Saharan Africa,0.658370432,0.657183341,0.656626994,0.65671228,0.658840466,0.658293165,0.658659109,0.659819159,0.661587062,0.663527044,0.664620554,0.664792107,0.667044761,0.668226546,0.671387737,0.674098713,0.679549891,0.682933528,0.685862642,0.690852629,0.694828068,0.700413828,0.705858241,0.710654999,0.716630993,0.72314617,0.731351405,0.738907152,0.741264239,0.743233535
"Gambia, The",Low income,Sub-Saharan Africa,0.583796248,0.581257269,0.579342732,0.581905927,0.58393745,0.586084841,0.589514431,0.592028655,0.597493678,0.601904041,0.60657694,0.607090819,0.612366133,0.618605918,0.620633164,0.621259817,0.624445895,0.630348646,0.634921714,0.640159725,0.638154073,0.641182531,0.644220253,0.643853104,0.647682383,0.648183594,0.649170731,0.652583192,0.65529094,0.657633447
Guinea-Bissau,Low income,Sub-Saharan Africa,0.666764356,0.668637614,0.670953835,0.672468338,0.674441637,0.67345835,0.672726513,0.672151167,0.673615625,0.67634141,0.675576702,0.679456157,0.680553084,0.683533593,0.687720679,0.688670323,0.691173407,0.695779389,0.696769258,0.700029905,0.702669842,0.705137,0.705100698,0.705362092,0.712141888,0.714770766,0.719363853,0.722193028,0.72436658,0.72657761
Equatorial Guinea,Upper middle income,Sub-Saharan Africa,0.731653933,0.723709231,0.727554863,0.728133245,0.730107263,0.726423487,0.713456778,0.730687925,0.733686986,0.730835092,0.731670839,0.73786664,0.741681813,0.734753179,0.734628718,0.743340968,0.745666159,0.748548111,0.752256862,0.763435892,0.764634344,0.758991637,0.76710656,0.768135276,0.771305069,0.777005881,0.786073171,0.787645425,0.787905689,0.786229499
Greece,High income,Europe & Central Asia,0.737851232,0.744894983,0.748214862,0.746136515,0.756310203,0.757258336,0.765562047,0.771681191,0.780776625,0.781920584,0.788275138,0.788324118,0.791912527,0.7990629,0.799527822,0.804285005,0.810383638,0.81157192,0.818967695,0.816164026,0.812504386,0.818925369,0.818507666,0.828059493,0.834311377,0.830621732,0.829672583,0.82321514,0.825047026,0.825889279
Guatemala,Upper middle income,Latin America & Caribbean,0.966051677,0.966407333,0.966804494,0.966938062,0.967784952,0.968207881,0.967830832,0.968237489,0.982532779,0.99670774,0.967447497,0.941351015,0.916987204,0.968552884,0.933369525,0.900323122,0.903490745,0.909846565,0.91916614,0.926339668,0.911305008,0.926752634,0.904051585,0.907350197,0.905016068,0.890723803,0.896069626,0.896037763,0.893131931,0.890084209
Guam,High income,East Asia & Pacific,0.778191298,0.778083525,0.778481706,0.779446122,0.779336095,0.779250076,0.779841228,0.778783942,0.782623662,0.783329325,0.781841944,0.781184059,0.778289531,0.775927483,0.774345991,0.776588241,0.77284741,0.774633032,0.776019901,0.774794957,0.76941416,0.779345944,0.777865603,0.775877095,0.774937954,0.773679509,0.772263787,0.770994874,0.769657708,0.768681094
Guyana,Upper middle income,Latin America & Caribbean,0.843838467,0.84832058,0.850872362,0.847965981,0.846129391,0.839141958,0.834354755,0.831040873,0.828233631,0.830401352,0.830423111,0.831392207,0.833679831,0.834509786,0.839247538,0.838316737,0.837746,0.84087165,0.842010902,0.8430761,0.844112544,0.845386188,0.847331208,0.84984425,0.852671423,0.854402279,0.857715416,0.858379416,0.85876533,0.859179445
"Hong Kong SAR, China",High income,East Asia & Pacific,0.85186371,0.841202782,0.829974993,0.824232026,0.826067893,0.822639123,0.816188611,0.814957914,0.817777262,0.817225704,0.825072709,0.833068609,0.825891786,0.819185879,0.818223333,0.820378149,0.817998688,0.816579775,0.818849172,0.810957414,0.814376688,0.815746305,0.817858109,0.815933173,0.814933278,0.814660672,0.815485042,0.815141626,0.81514139,0.815757114
Honduras,Lower middle income,Latin America & Caribbean,1.156806539,1.168455822,1.173191364,1.177167912,1.174363721,1.176226285,1.153252837,1.086483454,1.077152359,1.100457538,1.130081681,1.139905985,1.105235893,1.06718903,1.024532753,1.02195012,1.004705677,1.022058804,1.010645261,1.028073407,1.039470243,1.052900001,1.012371866,0.95462762,0.964081267,0.935809207,0.977355597,0.96302522,0.961610631,0.960930969
Croatia,High income,Europe & Central Asia,0.847786638,0.848439338,0.848605647,0.849615993,0.849749885,0.853765358,0.856005731,0.862373752,0.865765495,0.870305501,0.881480401,0.883023653,0.875094575,0.872120556,0.867733561,0.88618114,0.87166763,0.87800625,0.887130675,0.873387598,0.869662897,0.880773706,0.899454957,0.901775232,0.904502311,0.903402385,0.892125118,0.891924089,0.890982427,0.894156562
Haiti,Low income,Latin America & Caribbean,0.843327013,0.848488042,0.853543882,0.860662712,0.856273491,0.860397225,0.864035329,0.867728773,0.871068108,0.873704833,0.873270674,0.871166709,0.869126231,0.869829133,0.866548001,0.865135732,0.863738163,0.860015069,0.856491105,0.849232802,0.844301292,0.841861427,0.841207645,0.84007943,0.837915543,0.834633431,0.831381485,0.828639793,0.828005945,0.82656664
Hungary,High income,Europe & Central Asia,0.954516279,0.949746538,0.935984212,0.925222718,0.907378332,0.916429559,0.908322816,0.920227636,0.919600361,0.916083045,0.912280418,0.908844895,0.913098436,0.910584155,0.908262908,0.903817249,0.902193376,0.901395422,0.901327232,0.908194225,0.907266868,0.904325796,0.897882002,0.899528527,0.89895535,0.897111347,0.89699395,0.902312131,0.905698571,0.907333727
Indonesia,Upper middle income,East Asia & Pacific,0.75526839,0.75905307,0.774171736,0.766021199,0.77637411,0.768293717,0.768433005,0.763425488,0.770920592,0.76766109,0.763110747,0.750174643,0.750625925,0.734699419,0.760190098,0.768654693,0.764513464,0.766803134,0.776353765,0.783831804,0.775564122,0.780927781,0.781920154,0.77854997,0.776061398,0.79196272,0.797915678,0.802509922,0.802753638,0.80347097
India,Lower middle income,South Asia,0.482347177,0.482232232,0.483451831,0.483445505,0.482873083,0.482276437,0.483212276,0.483155985,0.482481145,0.48324414,0.490704762,0.498560213,0.504389726,0.508399726,0.514738583,0.513183367,0.512496584,0.516134543,0.515378094,0.516588513,0.541218038,0.566755634,0.57187855,0.576649549,0.580994111,0.586292892,0.593114798,0.59960354,0.600570349,0.601180163
Ireland,High income,Europe & Central Asia,0.896498781,0.906595737,0.911697584,0.918817011,0.917157327,0.909883631,0.922864692,0.918707347,0.919702901,0.91934888,0.920635581,0.926762184,0.922699842,0.924827183,0.931647326,0.931329419,0.919879665,0.911087312,0.917690768,0.913563224,0.914463015,0.914855403,0.90932023,0.901423212,0.899576963,0.904240545,0.902889014,0.898989338,0.899235654,0.898663879
"Iran, Islamic Rep.",Upper middle income,Middle East & North Africa,0.689051605,0.69349898,0.697467021,0.703034079,0.708222091,0.710854008,0.70396644,0.695927658,0.685906812,0.673490036,0.662921814,0.648986045,0.638209926,0.629891844,0.619689999,0.622953827,0.592377561,0.597088251,0.593926583,0.60336322,0.610544786,0.623109997,0.632164894,0.641587455,0.640195493,0.654624921,0.667275607,0.668731385,0.67110325,0.670402119
Iraq,Upper middle income,Middle East & North Africa,0.616629381,0.615026111,0.612838606,0.612107411,0.611174204,0.609034203,0.604795874,0.603803837,0.600391731,0.59980044,0.601946645,0.605135903,0.607836967,0.604704112,0.604964591,0.604821067,0.60605023,0.600212243,0.596469349,0.591088175,0.585861245,0.57978894,0.592587129,0.606361213,0.62101235,0.636945997,0.632847898,0.632003593,0.631777467,0.63150807
Iceland,High income,Europe & Central Asia,0.973409551,0.979507823,0.99013106,0.989558457,0.989690994,0.968430027,0.958053044,0.964131068,0.959326496,0.958834019,0.957254659,0.960376406,0.943459385,0.948624634,0.942999649,0.939364871,0.92972396,0.923803285,0.92604078,0.918007184,0.921356623,0.920314501,0.913322911,0.913417901,0.910559459,0.895010958,0.89653728,0.901110967,0.897403681,0.895028145
Israel,High income,Middle East & North Africa,0.844685346,0.85255322,0.849544034,0.862686138,0.865820789,0.871068876,0.870293389,0.868354437,0.872493949,0.873827237,0.872854832,0.872984175,0.878019732,0.87473776,0.877390797,0.873571386,0.87322296,0.870735723,0.877808141,0.873907588,0.865517691,0.864755001,0.865735967,0.869133294,0.868160604,0.872885402,0.870439097,0.874359839,0.873516878,0.873099581
Italy,High income,Europe & Central Asia,0.810873199,0.80849199,0.807316908,0.810605313,0.812960044,0.817085941,0.816871992,0.820019712,0.82454704,0.825284804,0.831482259,0.834381213,0.837692678,0.842359983,0.844094637,0.843866511,0.845040585,0.848486334,0.85024297,0.851793449,0.853559253,0.857098123,0.858387158,0.858823285,0.854624593,0.853798668,0.857663374,0.857594926,0.857987138,0.857024321
Jamaica,Upper middle income,Latin America & Caribbean,1.008932692,1.006854342,1.017267642,1.00743548,1.008082471,0.99099161,0.964374237,0.953492488,0.944687416,0.933369702,0.931195205,0.92713731,0.944295491,0.921514292,0.917561331,0.927974915,0.921158836,0.932171217,0.93420502,0.934537152,0.936260044,0.943943303,0.938688203,0.937983344,0.929378162,0.923655401,0.926097268,0.926957418,0.928389302,0.929051527
Jordan,Upper middle income,Middle East & North Africa,0.649991491,0.651278077,0.651819289,0.65071018,0.65033098,0.651933959,0.651557039,0.651667452,0.651263028,0.650920201,0.647045944,0.649872405,0.656014192,0.665665277,0.66334868,0.664983619,0.678014894,0.675826853,0.677468341,0.677417399,0.678162051,0.676296936,0.668591235,0.66791185,0.665895646,0.664972079,0.664138303,0.663685442,0.662870697,0.662299415
Japan,High income,East Asia & Pacific,0.818565784,0.820401108,0.819236473,0.819962156,0.818488928,0.819753449,0.822568167,0.819484687,0.818871914,0.819321571,0.821211934,0.819762984,0.820336526,0.820214996,0.820580796,0.822200303,0.821301078,0.822736977,0.823438756,0.823896789,0.823479079,0.825762204,0.830873578,0.833193013,0.836485479,0.839491474,0.843885193,0.849411326,0.849463165,0.849405112
Kazakhstan,Upper middle income,Europe & Central Asia,0.878102257,0.875513449,0.873924192,0.871943757,0.870240688,0.869953348,0.871007947,0.871572845,0.874085463,0.87316833,0.87247372,0.866488101,0.880903212,0.889043159,0.887164615,0.898951136,0.907153379,0.898968234,0.891408594,0.89276297,0.887847605,0.894914624,0.90521123,0.901485209,0.89800768,0.895112918,0.890468539,0.889793098,0.888268206,0.886924665
Kenya,Lower middle income,Sub-Saharan Africa,0.710235475,0.711886373,0.713607123,0.715583746,0.717353509,0.718611377,0.718266608,0.716596455,0.712896146,0.702842804,0.693290947,0.684982291,0.676596886,0.668648531,0.661877568,0.661851274,0.665535583,0.672790798,0.679205606,0.684559648,0.691504527,0.698921645,0.705633953,0.712649611,0.719211742,0.725825845,0.731511081,0.736785268,0.739112631,0.740947494
Kyrgyz Republic,Lower middle income,Europe & Central Asia,0.868432488,0.86819849,0.875759909,0.883221162,0.881643675,0.866897324,0.860498902,0.86908914,0.850261044,0.833206436,0.829418711,0.850900403,0.841395272,0.84613306,0.855826776,0.855653361,0.86090639,0.864145621,0.869050405,0.861715696,0.856535784,0.855613072,0.823475145,0.821628656,0.820219149,0.82969756,0.838365893,0.836092541,0.83541117,0.836879442
Cambodia,Lower middle income,East Asia & Pacific,0.823138455,0.819965783,0.817851713,0.83660676,0.833428769,0.836171516,0.850510707,0.867072346,0.876973037,0.887130995,0.931861241,0.918142625,0.899930972,0.883022482,0.870296651,0.859892291,0.852015812,0.876505012,0.906724076,0.903422942,0.914610902,0.891286374,0.87476696,0.887494948,0.875665251,0.859335374,0.86415133,0.864406173,0.862825767,0.861404271
"Korea, Rep.",High income,East Asia & Pacific,0.812677557,0.806787273,0.802353023,0.805179376,0.80759783,0.811030156,0.814048554,0.792279917,0.805290234,0.813961025,0.819914829,0.820582209,0.821869651,0.826591736,0.827882824,0.828568814,0.826952823,0.828089131,0.822756064,0.829897526,0.82982493,0.83220476,0.832259258,0.836284688,0.840515462,0.843380504,0.847378589,0.849540945,0.849106045,0.848305056
Kuwait,High income,Middle East & North Africa,0.711995083,0.710524056,0.709667114,0.708747452,0.704809256,0.706004893,0.708709108,0.711122314,0.714367375,0.714454257,0.714463013,0.713317201,0.707908711,0.704391639,0.701552532,0.70847906,0.717855849,0.73105356,0.737157641,0.743483256,0.74408091,0.745824459,0.747590827,0.748652235,0.748215718,0.745050857,0.743878568,0.740624298,0.738329309,0.736443277
Lao PDR,Lower middle income,East Asia & Pacific,0.698906567,0.699526094,0.700870242,0.700080484,0.701533831,0.708193236,0.716148512,0.726511475,0.733322504,0.742557762,0.750372752,0.758299222,0.765931176,0.774949634,0.782977871,0.788530249,0.796232183,0.804150994,0.811518157,0.819087148,0.819372011,0.819517651,0.819334648,0.818533704,0.817771815,0.817410544,0.816934628,0.816941814,0.817238482,0.817267429
Lebanon,Upper middle income,Middle East & North Africa,0.785886374,0.789636113,0.789937157,0.790532497,0.791113343,0.790971398,0.790161055,0.789906746,0.789689293,0.788654823,0.784418741,0.780753123,0.777788496,0.775358615,0.772463449,0.771998816,0.771538954,0.771748619,0.771755571,0.772461274,0.771507444,0.769418645,0.767242059,0.765229089,0.763742501,0.763341991,0.763434316,0.763754287,0.763819861,0.763705172
Liberia,Low income,Sub-Saharan Africa,0.696621691,0.696128634,0.695956863,0.696479468,0.696252121,0.70020488,0.704342599,0.711225716,0.716522389,0.723454945,0.726419069,0.727867167,0.722085908,0.720675589,0.720943001,0.722616206,0.725706271,0.728069713,0.730102221,0.732642977,0.733902411,0.735412939,0.737292506,0.737463684,0.737608244,0.742834247,0.745286775,0.747672153,0.747863396,0.748209153
Libya,Upper middle income,Middle East & North Africa,0.693158116,0.697028519,0.700157212,0.702432063,0.707392687,0.709669393,0.71377211,0.717593765,0.720357423,0.721668589,0.723767076,0.725271511,0.726354707,0.729092663,0.729969796,0.732015685,0.733441496,0.734727917,0.737290144,0.737168736,0.733458804,0.728651455,0.730997082,0.729836533,0.728395881,0.72820494,0.726663501,0.727382825,0.727938669,0.726957194
St. Lucia,Upper middle income,Latin America & Caribbean,0.931938795,0.928778016,0.936745664,0.981871661,0.92210471,0.928601269,0.908287027,0.904101351,0.905141487,0.912206374,0.90970889,0.902618209,0.888602328,0.90110422,0.913011203,0.912545305,0.907558996,0.920195615,0.922415974,0.918270893,0.919743132,0.916993599,0.916756144,0.911576164,0.908926392,0.915914915,0.918363409,0.919119006,0.917851698,0.91696083
Sri Lanka,Lower middle income,South Asia,0.826867129,0.810424304,0.802753518,0.848179388,0.804782107,0.774986975,0.745936878,0.745886263,0.729114819,0.731035865,0.745380278,0.753190472,0.7583432,0.759841951,0.747907896,0.746781847,0.74819884,0.749139061,0.744925202,0.737075168,0.740895757,0.748417918,0.744757283,0.747123489,0.752215749,0.747883955,0.746494797,0.749642817,0.751020569,0.751836495
Lesotho,Lower middle income,Sub-Saharan Africa,1.005825786,1.000187026,0.997419685,0.994273158,0.993293319,0.992696047,0.996230797,1.003887732,1.010173292,1.009173812,1.008196264,1.006264314,1.001818105,0.999753024,0.996133544,0.992438377,0.989533048,0.986122393,0.984282248,0.979521663,0.976405554,0.975680692,0.972960517,0.972732461,0.974662863,0.974744454,0.97709615,0.976126318,0.974278467,0.973807468
Lithuania,High income,Europe & Central Asia,0.947596748,0.942110864,0.941689074,0.935367323,0.933767662,0.932537488,0.930695424,0.941970303,0.963897302,0.974176597,0.980029634,0.953429806,0.954649088,0.942810829,0.939012367,0.948469568,0.951710173,0.941383863,0.949989217,0.939833623,0.926744243,0.934751882,0.925656821,0.924174239,0.929757297,0.933900729,0.932228947,0.929126518,0.924810517,0.923610809
Luxembourg,High income,Europe & Central Asia,0.756599972,0.771221067,0.760731232,0.771833993,0.749013129,0.745944983,0.758051064,0.752692802,0.765298591,0.769900942,0.772958906,0.773175952,0.77654867,0.785737213,0.78404283,0.791607841,0.800553705,0.794529021,0.782663106,0.790259816,0.79252031,0.795597692,0.798630673,0.804644302,0.815268018,0.819417755,0.820159247,0.830584004,0.830569445,0.830076264
Latvia,High income,Europe & Central Asia,0.939318515,0.933767495,0.927255862,0.921022351,0.918615482,0.917312716,0.915530657,0.913272033,0.89564323,0.897860864,0.924261562,0.937519234,0.936304082,0.910973209,0.918753439,0.917444117,0.922647767,0.929360252,0.929862161,0.929806767,0.923034383,0.920514843,0.9171514,0.913338501,0.914884902,0.922160456,0.908810968,0.912153964,0.910987024,0.908735877
"Macao SAR, China",High income,East Asia & Pacific,0.866375829,0.876185851,0.877668369,0.883150085,0.878009514,0.88156518,0.876844062,0.878989029,0.882829471,0.878838455,0.897999975,0.899496144,0.880195625,0.875974647,0.88121608,0.86773567,0.855471733,0.864310709,0.855624994,0.843695188,0.840917513,0.835483889,0.840217041,0.848543407,0.853034546,0.847004889,0.825949929,0.8203532,0.818401613,0.817250187
Morocco,Lower middle income,Middle East & North Africa,0.533477324,0.537333924,0.540422782,0.541062685,0.547073974,0.546186236,0.553443801,0.554132863,0.557171298,0.570504735,0.578897166,0.590968964,0.594982431,0.569315044,0.557588418,0.522586624,0.516144714,0.508695657,0.504728677,0.503656898,0.493664947,0.497047538,0.499752385,0.49811887,0.497744145,0.500625846,0.502057065,0.508646711,0.513549624,0.51736958
Moldova,Lower middle income,Europe & Central Asia,0.969945075,0.980001155,0.966625154,0.981020619,0.965994924,0.957970162,0.957703606,0.964086012,0.969978256,0.962899129,0.953272358,0.959372197,0.966887066,0.94703545,0.941223875,0.951770417,0.965647221,0.957418161,0.958276655,0.957580254,0.958509002,0.963769039,0.957693458,0.970972777,1.00374713,0.971706526,0.975496133,0.970397228,0.974975605,0.973391746
Madagascar,Low income,Sub-Saharan Africa,0.861688043,0.861513394,0.862538786,0.863863428,0.860049872,0.858008566,0.856595518,0.854709185,0.853764193,0.853649929,0.848412872,0.848938339,0.853791711,0.816871356,0.803530439,0.820033266,0.838011991,0.857753987,0.882752229,0.903619306,0.930793062,0.952119849,0.947502445,0.946688132,0.947380467,0.949005082,0.951803936,0.953939788,0.955259035,0.956426628
Maldives,Upper middle income,South Asia,0.872331916,0.880661209,0.889384762,0.897946312,0.905937704,0.91242714,0.916511624,0.920162929,0.924204004,0.931103186,0.933067933,0.925840071,0.91566685,0.908144921,0.911448373,0.90275799,0.896100929,0.886601333,0.889032939,0.884038581,0.876365146,0.871523078,0.865428201,0.857587504,0.848473688,0.840333624,0.830334938,0.818422787,0.811105062,0.804452843
Mexico,Upper middle income,Latin America & Caribbean,0.881836704,0.872915938,0.866455477,0.844874456,0.835842622,0.833560466,0.836327604,0.836944206,0.841397313,0.839425871,0.841387328,0.842139317,0.846855529,0.841747147,0.841184196,0.836093922,0.832158049,0.829934182,0.834937211,0.835786432,0.834951391,0.83617286,0.843345421,0.843970928,0.843523438,0.844648339,0.84636885,0.848994797,0.848637275,0.848014885
North Macedonia,Upper middle income,Europe & Central Asia,0.836982144,0.837058331,0.837747304,0.836202544,0.838063756,0.838064272,0.836917784,0.84076294,0.848184714,0.836790854,0.834786129,0.848100708,0.863449643,0.872560052,0.862327274,0.857611348,0.877500794,0.861090138,0.859293337,0.854719619,0.862880718,0.85376952,0.853156904,0.86591758,0.869596095,0.861748321,0.857904202,0.869068889,0.869221837,0.870211798
Mali,Low income,Sub-Saharan Africa,0.751481335,0.750279211,0.750873289,0.749800871,0.749761656,0.749908798,0.75046943,0.751265697,0.752472608,0.749875415,0.749531255,0.749876228,0.746296473,0.745789666,0.747365514,0.746798705,0.748181011,0.748482269,0.746481016,0.74638659,0.750466059,0.753533354,0.750358734,0.755353227,0.73887701,0.746175955,0.741259112,0.740381416,0.741327863,0.743146553
Malta,High income,Middle East & North Africa,0.768183543,0.770068564,0.770470071,0.770299761,0.767834657,0.768414919,0.768719094,0.768415109,0.769973738,0.770563942,0.761259927,0.782979129,0.755791874,0.752158096,0.761614634,0.759498009,0.760361817,0.765110899,0.766541991,0.779019982,0.778775111,0.787290596,0.804365143,0.803369324,0.797942175,0.80915851,0.814054841,0.818351644,0.815473495,0.814425396
Myanmar,Lower middle income,East Asia & Pacific,0.971412113,0.969183591,0.958843275,0.958626146,0.958536209,0.958721908,0.959922452,0.960586519,0.954945856,0.948465127,0.940682477,0.933319699,0.926324494,0.91880733,0.910787983,0.903495266,0.89572514,0.889326793,0.882986883,0.877991186,0.877367595,0.874522733,0.870548615,0.866686472,0.863498305,0.880662831,0.899539731,0.896271525,0.893132341,0.890032122
Montenegro,Upper middle income,Europe & Central Asia,0.867452525,0.864224633,0.859981949,0.859001419,0.860206011,0.862409374,0.863222406,0.863751789,0.861404373,0.860435934,0.859536606,0.858532894,0.85993399,0.838717142,0.821131392,0.82979486,0.840445166,0.850929141,0.849594822,0.84871982,0.848556857,0.847416536,0.853724732,0.849251356,0.853053713,0.85241968,0.847595484,0.856800572,0.854584706,0.857881127
Mongolia,Lower middle income,East Asia & Pacific,0.915916329,0.920960543,0.924182464,0.924564612,0.935758516,0.938353277,0.937110629,0.932022998,0.934804075,0.941905848,0.940986617,0.968842315,0.944344355,0.968788912,0.980633788,0.984723921,0.945867647,0.950894413,0.938169381,0.934992746,0.910407085,0.913961337,0.920587191,0.925430565,0.913210299,0.922433274,0.929641118,0.930105094,0.928053474,0.926722553
Mozambique,Low income,Sub-Saharan Africa,0.54963231,0.551945767,0.554145667,0.555835771,0.557402985,0.558645913,0.560601916,0.556519016,0.554225221,0.552552712,0.552685359,0.554971222,0.55641038,0.557816096,0.559637143,0.561780253,0.563919226,0.566798499,0.569649279,0.572529544,0.575837622,0.579479228,0.583972874,0.589160575,0.595797225,0.6009888,0.604999432,0.609348042,0.610613796,0.611790147
Mauritania,Lower middle income,Sub-Saharan Africa,0.61511812,0.615842061,0.615949266,0.618942996,0.6171642,0.618221917,0.623068296,0.623760045,0.623508526,0.628292077,0.630782389,0.635028474,0.635338185,0.635863778,0.635551376,0.632540399,0.637714355,0.642670407,0.64867166,0.650762475,0.6544918,0.656469704,0.657639453,0.659507338,0.665257961,0.668744287,0.671630738,0.674947617,0.675666274,0.677138763
Mauritius,High income,Sub-Saharan Africa,0.837783214,0.837001519,0.836606214,0.836305227,0.826971856,0.837611913,0.84534149,0.846451989,0.851488731,0.846831395,0.831805289,0.83239566,0.801224386,0.817555963,0.810128642,0.813113236,0.809632012,0.813681466,0.810752458,0.812101764,0.8143954,0.811978768,0.825034458,0.821509866,0.826638433,0.822143913,0.823407309,0.825197088,0.824488646,0.823847386
Malawi,Low income,Sub-Saharan Africa,0.862433074,0.862240582,0.861990128,0.863048382,0.862338139,0.864769308,0.86400033,0.865266332,0.864932989,0.864774117,0.86226093,0.860835667,0.859133756,0.858328402,0.856312066,0.853997107,0.851594179,0.851949959,0.851437935,0.850382385,0.849643103,0.848397426,0.847957398,0.852082722,0.854250502,0.856825134,0.860060658,0.863246107,0.863251533,0.863282613
Malaysia,Upper middle income,East Asia & Pacific,0.844067251,0.840715058,0.841412386,0.844897502,0.847959678,0.836759505,0.840287783,0.85281654,0.857825581,0.859351944,0.845230895,0.838384552,0.840262287,0.84423379,0.849392951,0.855683638,0.848075706,0.851243227,0.840088052,0.848822767,0.849454402,0.847375904,0.85519022,0.850317677,0.852831301,0.85419729,0.852232501,0.850378839,0.849977449,0.849546765
Namibia,Upper middle income,Sub-Saharan Africa,0.760570676,0.758733245,0.767385069,0.770340375,0.772311596,0.772828761,0.77530454,0.77969719,0.781708836,0.784894383,0.796115096,0.807394474,0.823067924,0.834238105,0.832029602,0.828637805,0.824677633,0.819142112,0.81964078,0.815291619,0.813813642,0.811395461,0.834287433,0.819689395,0.840348739,0.86204783,0.863098378,0.867570451,0.867740641,0.866927641
New Caledonia,High income,East Asia & Pacific,0.915121111,0.913861084,0.91410803,0.911299627,0.907757894,0.905013461,0.907503985,0.906481102,0.903153184,0.897932474,0.89378385,0.890243636,0.886861567,0.883732997,0.882523681,0.882999556,0.887658894,0.891053161,0.889449449,0.887353905,0.889997783,0.889174801,0.889017127,0.887583942,0.885064549,0.883255115,0.880922755,0.878658314,0.875760908,0.873014619
Niger,Low income,Sub-Saharan Africa,1.164856439,1.168836945,1.169588,1.167833225,1.169679411,1.169990485,1.169078374,1.174417149,1.177364641,1.175555196,1.180510682,1.183419748,1.181451077,1.177951684,1.181308883,1.180927727,1.177748228,1.179577303,1.176201566,1.178042215,1.176289636,1.128192934,1.092793143,1.069295788,1.069848525,1.075906671,1.078060406,1.078166369,1.077962911,1.077948366
Nigeria,Lower middle income,Sub-Saharan Africa,0.909433156,0.910125052,0.912631629,0.916170485,0.919017304,0.919700739,0.921440018,0.923924259,0.926402552,0.926102275,0.925648792,0.920772415,0.918124297,0.911625483,0.924873762,0.936443176,0.946365753,0.954071617,0.959234804,0.959185295,0.957950553,0.955498592,0.951748926,0.942137777,0.941153407,0.944957462,0.947644848,0.948961907,0.947694475,0.946056322
Nicaragua,Lower middle income,Latin America & Caribbean,0.930796216,0.923822437,0.917515094,0.914267488,0.912088027,0.912723747,0.918313989,0.923629228,0.927197177,0.934945158,0.942420015,0.952037056,0.95725565,0.957968635,0.981221837,0.994580882,1.008020262,1.006095942,0.999121575,0.994881605,0.992773091,0.988567149,0.986699847,0.981265999,0.981471928,0.979921108,0.977618356,0.971647229,0.974204086,0.971778688
Netherlands,High income,Europe & Central Asia,0.78942182,0.80503365,0.808253031,0.810559438,0.814061028,0.820242178,0.821411954,0.823106983,0.828466098,0.829042274,0.83229425,0.834536461,0.840796851,0.843721271,0.851271494,0.852264027,0.853740207,0.853319939,0.854047924,0.855918305,0.856784542,0.858516441,0.855152814,0.850735856,0.852443935,0.855145505,0.856935076,0.858159595,0.857874266,0.857665838
Norway,High income,Europe & Central Asia,0.897607616,0.895482175,0.895146235,0.896803709,0.897654659,0.898053649,0.902128108,0.900946746,0.899066283,0.893368473,0.894308478,0.904364004,0.901066433,0.901022948,0.895931077,0.899217272,0.902984126,0.903724804,0.90351576,0.8994426,0.903118367,0.90096919,0.901109535,0.90364038,0.896431215,0.895313335,0.894170997,0.891213004,0.890101417,0.889741166
Nepal,Lower middle income,South Asia,0.560645721,0.563467401,0.566612099,0.571434559,0.574792302,0.578741358,0.583070674,0.586670228,0.591629075,0.595892603,0.598253688,0.600054909,0.602159278,0.604223171,0.605866606,0.60720258,0.608742829,0.611035726,0.61538063,0.620797915,0.626491331,0.632186972,0.638645814,0.645974886,0.652622849,0.657466554,0.66248847,0.666740952,0.668848152,0.670483465
New Zealand,High income,East Asia & Pacific,0.893949022,0.895578336,0.896585158,0.904135446,0.903172747,0.907019416,0.903405051,0.907058718,0.905575116,0.905601127,0.90813855,0.908051665,0.9078614,0.902745469,0.897924376,0.89871129,0.89788276,0.900918959,0.89823673,0.895825193,0.893693619,0.895507001,0.893057962,0.896318626,0.90119173,0.898284386,0.898584198,0.899882676,0.897541904,0.896258909
Oman,High income,Middle East & North Africa,0.718857888,0.717573418,0.722222401,0.713525927,0.708274576,0.706791081,0.719407476,0.734904108,0.754971475,0.771968412,0.743637943,0.720659674,0.704864656,0.691893044,0.683678094,0.682194782,0.683739219,0.689410404,0.691593924,0.715269992,0.70747998,0.702073932,0.695518831,0.691177576,0.686345639,0.688151152,0.683795812,0.681771389,0.67879335,0.677156248
Pakistan,Lower middle income,South Asia,0.446374659,0.446940804,0.449950861,0.453997453,0.441861143,0.448996409,0.493256347,0.450775762,0.453615666,0.504473156,0.504126276,0.504701998,0.509895263,0.479917642,0.476762512,0.436918951,0.397742473,0.381676239,0.394475566,0.377391918,0.378350604,0.378023094,0.377628881,0.406396764,0.405419342,0.396658726,0.412008923,0.428963754,0.43468592,0.441418351
Panama,High income,Latin America & Caribbean,1.011577726,0.989463172,0.958884964,0.922286324,0.924170767,0.930799392,0.921792994,0.899603077,0.896072093,0.903542515,0.910968069,0.89483262,0.892872981,0.87956638,0.863165665,0.854584385,0.859312578,0.853421218,0.843798799,0.845816937,0.849694865,0.831190131,0.840558375,0.846833395,0.840761031,0.839812259,0.835316567,0.843067886,0.842368916,0.841241277
Peru,Upper middle income,Latin America & Caribbean,0.746606766,0.750591729,0.751590496,0.751745526,0.769542501,0.783391768,0.793771052,0.794452365,0.805469907,0.789159353,0.813912573,0.818059354,0.818602399,0.814838479,0.817474021,0.821829897,0.834492474,0.840013053,0.831262269,0.83361496,0.840792226,0.835949029,0.829848474,0.82850611,0.826590394,0.829588296,0.833121863,0.832825703,0.832906896,0.832188103
Philippines,Lower middle income,East Asia & Pacific,0.951595157,0.957692613,0.957480324,0.956140958,0.951856048,0.930385756,0.920559891,0.918315466,0.920662544,0.934650792,0.921130396,0.91248276,0.9094838,0.900360946,0.904902089,0.904577719,0.902529477,0.893010455,0.891777853,0.88950021,0.885712984,0.878675997,0.87556589,0.871313853,0.871529581,0.854697234,0.848133827,0.852641828,0.850220829,0.84823321
Papua New Guinea,Lower middle income,East Asia & Pacific,0.675650215,0.675317458,0.675264296,0.676318652,0.678368239,0.679597329,0.683061542,0.686245676,0.687482651,0.68929337,0.692817635,0.695025988,0.69704615,0.699791867,0.700508146,0.703993898,0.704888628,0.709618364,0.712892016,0.714853986,0.721812615,0.726629854,0.729871787,0.73001562,0.734640158,0.737784604,0.740776982,0.744158937,0.745799604,0.747142782
Poland,High income,Europe & Central Asia,0.943791593,0.93584411,0.929975409,0.928384575,0.927778554,0.924522359,0.917537044,0.918979744,0.925567871,0.922321656,0.917682678,0.917038641,0.922328588,0.913195692,0.907514304,0.906273671,0.906195522,0.908417033,0.906127465,0.908123615,0.910949044,0.912820824,0.91409451,0.915322127,0.915669117,0.920137152,0.922067536,0.920497098,0.920896394,0.92086374
Puerto Rico,High income,Latin America & Caribbean,0.819240651,0.825432199,0.835994939,0.837216705,0.829648753,0.818807663,0.813737191,0.804525255,0.828640082,0.82221638,0.82188817,0.817654067,0.818190089,0.811680545,0.816896274,0.823391034,0.817098181,0.818094698,0.822161418,0.822252764,0.824500636,0.816330822,0.818410129,0.820688823,0.822406747,0.82271265,0.822589319,0.822381407,0.821696851,0.821168062
"Korea, Dem. People's Rep.",Low income,East Asia & Pacific,0.667842363,0.664019439,0.660880812,0.658883118,0.655416215,0.653576759,0.650284248,0.649991627,0.65325218,0.652823647,0.654688535,0.65547617,0.65542016,0.656704593,0.658308155,0.65752543,0.656867387,0.659708723,0.659389954,0.659666102,0.661909491,0.663264634,0.663909098,0.664623388,0.664619553,0.667341675,0.666462284,0.665563783,0.665545382,0.665638841
Portugal,High income,Europe & Central Asia,0.854479835,0.856248431,0.857650007,0.864546125,0.871100867,0.870043909,0.86796504,0.888311188,0.886044542,0.89348207,0.892102834,0.898832737,0.90340991,0.901586745,0.898946171,0.90105049,0.907707933,0.902041728,0.911171418,0.915360288,0.925194143,0.928964682,0.926794692,0.926760275,0.925329921,0.923212559,0.923528573,0.925912371,0.924150535,0.922782988
Paraguay,Upper middle income,Latin America & Caribbean,0.929438153,0.928800613,0.926729619,0.925640176,0.920646874,0.91997199,0.914472961,0.913645991,0.911451265,0.910830338,0.911751337,0.912021443,0.883766166,0.879498039,0.890201434,0.859736995,0.830546487,0.840237737,0.85305795,0.843807289,0.835428555,0.823702592,0.858954717,0.838257495,0.842693447,0.842562602,0.830921192,0.840470497,0.840071885,0.839101386
West Bank and Gaza,Lower middle income,Middle East & North Africa,0.468620823,0.470063854,0.475849261,0.480801295,0.486693632,0.488207508,0.496415718,0.507211363,0.514526964,0.507536424,0.558087881,0.54557742,0.524340597,0.533631814,0.525464937,0.520920049,0.508891664,0.543689969,0.565766303,0.568121127,0.566038838,0.558116345,0.570416649,0.568386578,0.610278388,0.629615177,0.638592719,0.64839314,0.650589394,0.652367433
French Polynesia,High income,East Asia & Pacific,0.864883652,0.863871776,0.863596451,0.862836328,0.861149438,0.859120825,0.853117267,0.846845727,0.842131425,0.839083842,0.836619365,0.835340344,0.835212221,0.834950702,0.835264281,0.834842057,0.834540873,0.836779554,0.839107929,0.840432693,0.841726815,0.843585581,0.841738299,0.839933176,0.839780068,0.839225556,0.837829615,0.837002575,0.837100978,0.83713778
Qatar,High income,Middle East & North Africa,0.750842654,0.748614519,0.747815472,0.749223588,0.748378685,0.747158995,0.741135666,0.744733249,0.749707917,0.756202989,0.77310835,0.784234574,0.797764454,0.80513665,0.806360924,0.814260805,0.924834744,1.042134926,0.991400238,0.963577028,0.940204189,0.918001589,0.929365409,0.951803278,0.974794263,0.976845381,0.974544671,0.972471534,0.971276386,0.969861681
Romania,High income,Europe & Central Asia,0.876992625,0.867089522,0.871337316,0.848315123,0.83052358,0.848674573,0.865018386,0.866776024,0.871988995,0.882401726,0.875361953,0.883897401,0.883676621,0.914061995,0.903350177,0.904355977,0.894753241,0.889729405,0.884857917,0.880812738,0.874914164,0.875897089,0.87684731,0.879167772,0.879527095,0.886978351,0.892090362,0.881244267,0.880368307,0.87975862
Russian Federation,Upper middle income,Europe & Central Asia,0.960580274,0.958614878,0.956351803,0.95191456,0.945438194,0.942444267,0.928355968,0.92533185,0.921403562,0.924861305,0.924183118,0.925952759,0.930827031,0.92530047,0.926082239,0.927777821,0.922456836,0.914986204,0.911989398,0.909085157,0.90627348,0.906033313,0.899701596,0.897403012,0.893657227,0.893555662,0.893047707,0.893171502,0.891986399,0.890883029
Rwanda,Low income,Sub-Saharan Africa,0.556321372,0.559405586,0.564842701,0.567007528,0.570487554,0.572506187,0.57439801,0.576603529,0.577323726,0.579876657,0.584589182,0.589931784,0.595958264,0.601178142,0.606326167,0.610904848,0.614558079,0.61969898,0.626187589,0.632173955,0.639209248,0.646605912,0.657861841,0.675066279,0.683455542,0.690067052,0.6971165,0.703293775,0.70754772,0.711282395
Saudi Arabia,High income,Middle East & North Africa,0.616830415,0.614421962,0.610858959,0.607403724,0.603393373,0.601508046,0.599557063,0.598993749,0.598053023,0.581418906,0.588147725,0.582091045,0.583214479,0.584313065,0.585293632,0.587357313,0.589674669,0.584006753,0.582129281,0.590300871,0.599803763,0.603911227,0.606218064,0.605720487,0.61341708,0.625176041,0.616744197,0.607444541,0.607261612,0.607306738
Sudan,Low income,Sub-Saharan Africa,0.461332406,0.464846884,0.469787545,0.476484195,0.480357466,0.484909155,0.483720938,0.485738324,0.486245692,0.48623676,0.487754696,0.488392127,0.489018397,0.491514292,0.492404597,0.493388721,0.492790105,0.493673102,0.492385296,0.493979471,0.493425565,0.494988887,0.498608035,0.502407104,0.506229855,0.509601988,0.51316878,0.517904499,0.522069796,0.525326669
Senegal,Lower middle income,Sub-Saharan Africa,0.621445528,0.624375657,0.627513977,0.631098035,0.635681519,0.63917787,0.642702031,0.646869213,0.65139188,0.655741705,0.659240747,0.659534488,0.661660849,0.662912807,0.665003624,0.664810312,0.669098457,0.675354385,0.681192915,0.686937527,0.691799546,0.700317345,0.709019637,0.717731979,0.726893096,0.727903563,0.729272548,0.730976931,0.730855127,0.730795067
Singapore,High income,East Asia & Pacific,0.856895326,0.858409873,0.859924986,0.857758394,0.848198368,0.862443582,0.866797587,0.859780458,0.8641666,0.862571154,0.858455297,0.8549878,0.857794014,0.862458395,0.857002688,0.85343603,0.858249297,0.867780322,0.859595921,0.864459366,0.864067317,0.868422222,0.87292764,0.870053106,0.876312778,0.876334992,0.8736157,0.872202929,0.870812426,0.869987504
Solomon Islands,Lower middle income,East Asia & Pacific,0.771823439,0.771989951,0.770628242,0.771255213,0.77121897,0.771258275,0.772021925,0.774623677,0.776397432,0.780168296,0.788140022,0.788894227,0.788122643,0.789631444,0.79348496,0.792163401,0.791756329,0.793249582,0.794534916,0.796075414,0.797027816,0.79697931,0.798349426,0.799790928,0.80150472,0.802298521,0.803425177,0.804367354,0.804825093,0.805388265
Sierra Leone,Low income,Sub-Saharan Africa,0.693719576,0.689172369,0.690386729,0.691280973,0.690967968,0.69206942,0.692451832,0.69552225,0.697871269,0.70217156,0.702960187,0.713645339,0.71981319,0.723642323,0.726963185,0.73052895,0.735308484,0.739839538,0.744120292,0.746363034,0.750592422,0.753395201,0.758011635,0.763352296,0.765384594,0.770834997,0.777996949,0.783333238,0.785143486,0.78672455
El Salvador,Lower middle income,Latin America & Caribbean,0.948286736,0.949042551,0.967747006,0.976884585,0.960400184,0.948016219,0.951066679,0.956430784,0.939348929,0.946139498,0.933046558,0.930504532,0.899988635,0.897588577,0.895877468,0.887160775,0.886951805,0.889498008,0.911918285,0.901824129,0.90161135,0.912187532,0.900424955,0.899196191,0.889181736,0.885411487,0.884813822,0.868654964,0.865034028,0.862824744
Somalia,Low income,Sub-Saharan Africa,0.425851813,0.424295409,0.422242617,0.421691125,0.41789497,0.416159494,0.41472248,0.412840355,0.412025498,0.411845032,0.411193655,0.411495092,0.412345244,0.413277641,0.414424877,0.414784917,0.417386876,0.417518658,0.418316878,0.419594272,0.420569128,0.422907451,0.425713024,0.428681566,0.431643722,0.434487573,0.437090787,0.439445316,0.441111756,0.44265683
Serbia,Upper middle income,Europe & Central Asia,0.86543389,0.865557591,0.863027391,0.857410822,0.857829397,0.859577704,0.859107799,0.858319338,0.861738784,0.861407488,0.863244779,0.859608514,0.862037861,0.850390992,0.851088738,0.875973387,0.888933379,0.865686991,0.884751107,0.890685283,0.898683229,0.899691493,0.891746873,0.89673304,0.908333466,0.906115823,0.906064949,0.910120351,0.911253186,0.911315132
South Sudan,Low income,Sub-Saharan Africa,0.615815434,0.617416856,0.620009903,0.622259305,0.622308276,0.625559991,0.626605406,0.626743351,0.627911297,0.629384494,0.631261929,0.634975194,0.638040073,0.639632666,0.641836121,0.643270854,0.645158875,0.647091167,0.64913342,0.650212061,0.651512558,0.651771373,0.649092988,0.655913042,0.656865056,0.659354253,0.659490687,0.661443453,0.663032223,0.665793879
SÃ£o TomÃ© and Principe,Lower middle income,Sub-Saharan Africa,0.796919171,0.798275748,0.799116134,0.800352918,0.802329487,0.803907874,0.805766435,0.807472878,0.808961919,0.810512737,0.788049939,0.789384781,0.783583774,0.790671584,0.759582586,0.757799269,0.75863319,0.754111588,0.754604203,0.750730418,0.750723028,0.750051428,0.747660467,0.746700209,0.745247522,0.744707129,0.744479836,0.745035269,0.743249891,0.740917187
Suriname,Upper middle income,Latin America & Caribbean,0.728925204,0.719989345,0.716855719,0.738924261,0.743207684,0.763784942,0.751427829,0.767441895,0.763654271,0.765197332,0.767645899,0.770012342,0.775522431,0.783442595,0.785372228,0.789070591,0.792406184,0.794740824,0.795060941,0.799433816,0.804668045,0.807301762,0.808504077,0.805179822,0.801656084,0.795096967,0.795497899,0.796818261,0.797950324,0.799366913
Slovak Republic,High income,Europe & Central Asia,1.002419045,0.988481155,0.976687791,0.953810103,0.944235643,0.95023589,0.959039951,0.956010425,0.954882112,0.954564007,0.95391616,0.954397488,0.953301065,0.956628191,0.950555775,0.944066849,0.953769727,0.961665279,0.945435611,0.952353415,0.949945949,0.948698867,0.946480366,0.938991965,0.942128635,0.943717064,0.954836431,0.944339984,0.942360358,0.941807078
Slovenia,High income,Europe & Central Asia,0.968501479,0.968880794,0.969130529,0.961218176,0.952913552,0.96349432,0.951859164,0.947984692,0.938367446,0.933908371,0.937106667,0.940380511,0.933409594,0.934600579,0.93552531,0.937213841,0.9287886,0.939124051,0.931985017,0.930286542,0.935405119,0.930321213,0.923228655,0.923797535,0.926255134,0.949827097,0.947100979,0.941094106,0.942987587,0.945397091
Sweden,High income,Europe & Central Asia,0.94787821,0.949835832,0.948819107,0.942989411,0.940371216,0.944061494,0.937359297,0.93329935,0.936043371,0.93126636,0.924761483,0.922495652,0.923393337,0.919926314,0.914235865,0.911438745,0.910812415,0.906229357,0.902596565,0.89645098,0.898823226,0.901472332,0.899120555,0.896232395,0.896417325,0.895302735,0.895586447,0.895378735,0.895443497,0.895509279
Eswatini,Lower middle income,Sub-Saharan Africa,0.861728948,0.861580054,0.862659763,0.864925816,0.867589049,0.868785748,0.870964089,0.875577648,0.880678407,0.885910609,0.886792522,0.884770496,0.884131578,0.883571794,0.882655205,0.881588935,0.881321261,0.883505983,0.884184624,0.88472204,0.888495118,0.890257822,0.892296992,0.895944826,0.897143197,0.900218515,0.902129082,0.902898098,0.90231162,0.901652487
Syrian Arab Republic,Low income,Middle East & North Africa,0.513035012,0.528535292,0.550591325,0.518839446,0.493164519,0.488285624,0.487341636,0.485499262,0.512668915,0.472628093,0.48031387,0.514408481,0.549502595,0.57620599,0.603265348,0.628516229,0.648780865,0.639578077,0.667682346,0.662046876,0.701366862,0.698911737,0.697327426,0.696266649,0.695176559,0.693609565,0.692490162,0.691467171,0.689725251,0.68877013
Chad,Low income,Sub-Saharan Africa,0.553549018,0.554957774,0.554200867,0.558210661,0.559620201,0.561903623,0.564649445,0.567533037,0.569426677,0.572762526,0.575614428,0.577920202,0.582904887,0.583554429,0.58769023,0.590246067,0.592328974,0.595918914,0.603781876,0.605518446,0.608757481,0.613308181,0.622388033,0.626703658,0.63224041,0.637650355,0.640028726,0.643639243,0.646542961,0.649210078
Togo,Low income,Sub-Saharan Africa,0.906599655,0.907532533,0.910954197,0.906339403,0.907573155,0.910411896,0.910696992,0.909289653,0.9108432,0.910548257,0.910527714,0.911405013,0.909658735,0.909476704,0.912004015,0.909436356,0.907596979,0.908563374,0.906867369,0.903944209,0.899283941,0.902403702,0.905580476,0.909012512,0.908865679,0.908029276,0.909574555,0.909961141,0.908075927,0.906232144
Thailand,Upper middle income,East Asia & Pacific,0.862751351,0.848728364,0.860589052,0.854501586,0.858076932,0.866600793,0.881036973,0.915989907,0.924384687,0.923346229,0.936152738,0.932868079,0.934009881,0.92606741,0.930004866,0.92325838,0.920948357,0.927160503,0.920985083,0.915014982,0.919303435,0.920037963,0.919029509,0.916322171,0.918051546,0.920526171,0.921839789,0.922087264,0.921126238,0.920797106
Tajikistan,Low income,Europe & Central Asia,0.541815203,0.535825414,0.538060016,0.535855744,0.537312157,0.539337337,0.540803798,0.542615915,0.543766999,0.545042773,0.547241529,0.549135877,0.551731348,0.555368874,0.557401268,0.560043278,0.563246033,0.567021426,0.572744115,0.579496467,0.58642981,0.594108824,0.602362812,0.611129476,0.620526118,0.630555234,0.631740731,0.633555894,0.636362839,0.639511434
Turkmenistan,Upper middle income,Europe & Central Asia,0.898515575,0.902784726,0.903657538,0.909499481,0.912526403,0.914870717,0.920046688,0.922186247,0.919064245,0.917065568,0.918324548,0.917795503,0.916754469,0.916175367,0.913578486,0.91062159,0.905956353,0.900912985,0.900833344,0.899600957,0.895670326,0.894266837,0.892914671,0.891434772,0.891789221,0.891785057,0.891437888,0.891084163,0.890476321,0.890010684
Timor-Leste,Lower middle income,East Asia & Pacific,0.838837427,0.833872993,0.828511352,0.823592591,0.818627579,0.811652417,0.807295225,0.808538492,0.826609806,0.830537077,0.831974385,0.839258732,0.849383924,0.821317683,0.806614458,0.791000112,0.794466233,0.79301271,0.802060011,0.806800088,0.796932179,0.791722303,0.795906226,0.810284158,0.801755372,0.800535878,0.811509485,0.814200102,0.816252364,0.816941641
Tonga,Upper middle income,East Asia & Pacific,1.580585929,1.605332727,1.616581412,1.612442569,1.583091607,1.586247004,1.583677637,1.569957186,1.549948923,1.506430292,1.467660214,1.448329769,1.446499123,1.460899195,1.433318959,1.423299374,1.451229059,1.417700356,1.40090166,1.384467792,1.370355636,1.361807041,1.383196548,1.366006382,1.346190986,1.324210358,1.310885094,1.303804004,1.292051301,1.279167619
Trinidad and Tobago,High income,Latin America & Caribbean,0.815933952,0.828406164,0.83703494,0.836242648,0.834242108,0.843146327,0.845025092,0.850053948,0.851346318,0.843258861,0.861166912,0.867924962,0.868399002,0.880711113,0.890710634,0.891074097,0.887856934,0.901522231,0.884280285,0.886566618,0.876819767,0.888725254,0.893042817,0.891771661,0.883129882,0.889841285,0.885399854,0.884055406,0.883309886,0.882895653
Tunisia,Lower middle income,Middle East & North Africa,0.722928131,0.723295196,0.72647838,0.728199219,0.731565955,0.73122222,0.733176688,0.734574023,0.734195873,0.73518353,0.737320123,0.741456965,0.741511741,0.740915778,0.742605683,0.745197219,0.756259487,0.770542922,0.764606474,0.742305876,0.767481137,0.775834425,0.790908099,0.787740598,0.785978033,0.784754173,0.784407102,0.783533069,0.783770466,0.783659892
Turkey,Upper middle income,Europe & Central Asia,0.42466835,0.449334043,0.434490891,0.452814257,0.451948387,0.452880189,0.468540922,0.476981947,0.486078848,0.477297326,0.500702876,0.524440707,0.533638314,0.536572634,0.548484528,0.560396665,0.563575451,0.576922595,0.589052866,0.588160304,0.593120798,0.611459081,0.627117495,0.644027711,0.654441422,0.670225146,0.675425221,0.690514999,0.692555187,0.695342899
Tanzania,Lower middle income,Sub-Saharan Africa,0.668901227,0.66934844,0.670245968,0.671482615,0.673951721,0.675921724,0.677381299,0.678412252,0.680825659,0.684436831,0.689941046,0.693873939,0.698508031,0.704263601,0.708899627,0.714304825,0.719956604,0.726822262,0.73340074,0.735783825,0.736912323,0.740114403,0.739934965,0.740318017,0.743513934,0.747121827,0.751258827,0.754857744,0.757185247,0.758895127
Uganda,Low income,Sub-Saharan Africa,0.622741765,0.624650354,0.625443474,0.628211742,0.629122686,0.629838347,0.631572798,0.632756161,0.634277258,0.635300453,0.635568206,0.636173801,0.639009219,0.648236686,0.657834765,0.665699173,0.672444184,0.68131963,0.691236647,0.697575075,0.706697231,0.715089399,0.693242442,0.697638821,0.700504476,0.70262079,0.70734185,0.712194404,0.714807459,0.717315624
Ukraine,Lower middle income,Europe & Central Asia,0.929799916,0.926909669,0.923916741,0.920837682,0.921328908,0.916573036,0.914063429,0.910693432,0.90522677,0.903689928,0.90489762,0.905241368,0.904982053,0.902230894,0.893066419,0.892787821,0.893508584,0.89285181,0.897019183,0.89398998,0.88675174,0.882304876,0.881170118,0.901041469,0.894338176,0.896305818,0.895937726,0.89392002,0.892975386,0.893430005
Uruguay,High income,Latin America & Caribbean,0.852639875,0.860669432,0.858953131,0.861854897,0.866854789,0.869759336,0.872349492,0.875490453,0.871643518,0.873376436,0.874746726,0.877840434,0.884188982,0.871389008,0.878170471,0.863032808,0.867541252,0.873866006,0.873051667,0.880600683,0.866061953,0.866168364,0.871216708,0.873039533,0.86870735,0.869776046,0.876220401,0.871523528,0.868558857,0.866193758
United States,High income,North America,0.864683631,0.866828471,0.868101928,0.870495689,0.869978829,0.870505672,0.871818521,0.871098823,0.870865756,0.869545855,0.867165102,0.863946003,0.865936132,0.864102165,0.863488447,0.863136771,0.863249091,0.863513615,0.862893204,0.860948751,0.858434459,0.854270353,0.855044662,0.855929791,0.854953197,0.854668522,0.85578907,0.857063799,0.856317785,0.855242172
Uzbekistan,Lower middle income,Europe & Central Asia,0.806955855,0.808460177,0.810823482,0.812680511,0.813984512,0.8149451,0.815329049,0.815450675,0.818077448,0.818343741,0.819114098,0.820288592,0.821632996,0.822333766,0.823191705,0.824207649,0.825332728,0.826633487,0.828454353,0.830219004,0.832196454,0.833781829,0.835715948,0.837704936,0.840152593,0.842559934,0.844938862,0.84796111,0.850680793,0.853335249
St. Vincent and the Grenadines,Upper middle income,Latin America & Caribbean,0.873303532,0.873211475,0.875147001,0.872366966,0.87255055,0.871773441,0.872158752,0.873887804,0.872361088,0.86888271,0.868087739,0.868740752,0.873500891,0.876358488,0.876390003,0.880674555,0.88368919,0.882462005,0.879244253,0.875223288,0.872313041,0.871539983,0.872061847,0.871409728,0.871134546,0.871916343,0.872502109,0.874331629,0.874342232,0.874339731
"Venezuela, RB",Upper middle income,Latin America & Caribbean,0.906098735,0.907621483,0.904136673,0.906549645,0.886597922,0.871119351,0.847764691,0.832293542,0.825477444,0.837317176,0.814310069,0.803403067,0.800932427,0.817954174,0.828047864,0.830281216,0.829838092,0.830830907,0.833530699,0.831361277,0.829998306,0.830280975,0.827546044,0.824942208,0.822158547,0.815538335,0.808708744,0.801963852,0.804737745,0.800934795
Virgin Islands (U.S.),High income,Latin America & Caribbean,0.947364075,0.94498225,0.942334684,0.940479817,0.939026097,0.934058159,0.934292665,0.938430701,0.93870881,0.940056228,0.939159303,0.938728186,0.938225216,0.938351066,0.940530251,0.941397083,0.944676163,0.945010517,0.939107683,0.93883332,0.937505773,0.935031438,0.932516596,0.9305477,0.9324713,0.933504947,0.931959134,0.931942111,0.932279876,0.932568619
Vietnam,Lower middle income,East Asia & Pacific,0.862847178,0.863139937,0.863327377,0.862669221,0.860270789,0.858440885,0.861502957,0.859239797,0.869055669,0.857661198,0.863689779,0.864826493,0.848926412,0.853609496,0.857612269,0.861219482,0.85784064,0.856513512,0.856819378,0.854539457,0.852969969,0.863017109,0.866861918,0.874065247,0.881276435,0.883273894,0.892126947,0.893212168,0.893590079,0.893968976
Vanuatu,Lower middle income,East Asia & Pacific,0.71573202,0.716655079,0.718524546,0.71636497,0.717384514,0.718670947,0.718168643,0.718291455,0.721369528,0.721717906,0.728155927,0.736861446,0.739794866,0.74074205,0.741620722,0.739749393,0.739046475,0.737682454,0.738708864,0.741006278,0.74357965,0.74605293,0.74927186,0.752146537,0.758426574,0.760846235,0.761138971,0.762619513,0.763935032,0.765306884
Samoa,Upper middle income,East Asia & Pacific,1.270699002,1.269561023,1.263189379,1.270513967,1.251565264,1.237903806,1.237603993,1.221689233,1.210429968,1.192614256,1.161900521,1.178552394,1.185310418,1.19890143,1.205481943,1.211487863,1.176716958,1.169548109,1.181544786,1.166095363,1.153044674,1.143919692,1.152817088,1.155283935,1.154778599,1.149626708,1.149526749,1.140101569,1.132287674,1.122633336
"Yemen, Rep.",Low income,Middle East & North Africa,0.323316968,0.319412881,0.319252569,0.319951979,0.342121574,0.367327046,0.393344229,0.420304979,0.449794685,0.461068099,0.475313643,0.489553949,0.503626579,0.516894764,0.517880632,0.521256731,0.524410853,0.527390413,0.531224368,0.534172109,0.525410687,0.501697323,0.47611918,0.455614089,0.484822079,0.497722451,0.503452078,0.50802556,0.509621189,0.511781597
South Africa,Upper middle income,Sub-Saharan Africa,0.775862158,0.778167125,0.779632569,0.782529392,0.786524749,0.789186632,0.793154802,0.796934144,0.799456271,0.803930878,0.80885072,0.80475239,0.812121036,0.819482107,0.814541405,0.817366091,0.823676671,0.847081939,0.851812666,0.843898784,0.850107743,0.85078824,0.858834201,0.858862774,0.862635589,0.863008022,0.865886946,0.866790242,0.866500956,0.865587453
Zambia,Lower middle income,Sub-Saharan Africa,0.601114589,0.606925438,0.61273603,0.618392511,0.618978552,0.620609353,0.624428437,0.628310932,0.629004811,0.631641043,0.629954302,0.628458158,0.625892902,0.624162184,0.623193481,0.620245319,0.618695617,0.617844112,0.626523796,0.636150455,0.647815008,0.659348117,0.665547116,0.670791184,0.675843803,0.679971899,0.684178864,0.689005066,0.692613244,0.696276972
Zimbabwe,Lower middle income,Sub-Saharan Africa,0.610263241,0.611148929,0.611948535,0.615607217,0.622321014,0.627991281,0.63300668,0.631045902,0.631584045,0.639394346,0.65151237,0.659036652,0.661677079,0.668049031,0.670472987,0.67262065,0.677244042,0.68040555,0.685736836,0.695327629,0.701941815,0.707108153,0.706490301,0.707983301,0.708052335,0.708111189,0.710855238,0.714693983,0.715107661,0.716152937
